wavelength,B1,B2,B3N,B3B,B4,B5,B6,B7,B8,B9,B10,B11,B12,B13,B14
480,0.0000,,,,,,,,,,,,,,
484,0.0069,,,,,,,,,,,,,,
488,0.0078,,,,,,,,,,,,,,
492,0.0073,,,,,,,,,,,,,,
496,0.0107,,,,,,,,,,,,,,
500,0.0580,,,,,,,,,,,,,,
504,0.1250,,,,,,,,,,,,,,
508,0.2911,,,,,,,,,,,,,,
512,0.4567,,,,,,,,,,,,,,
516,0.6717,,,,,,,,,,,,,,
520,0.8392,,,,,,,,,,,,,,
524,0.9381,,,,,,,,,,,,,,
528,0.9906,,,,,,,,,,,,,,
532,1.0000,,,,,,,,,,,,,,
536,0.9662,,,,,,,,,,,,,,
540,0.8900,,,,,,,,,,,,,,
544,0.8760,,,,,,,,,,,,,,
548,0.8959,,,,,,,,,,,,,,
552,0.9029,,,,,,,,,,,,,,
556,0.9263,,,,,,,,,,,,,,
560,0.9184,,,,,,,,,,,,,,
564,0.9387,,,,,,,,,,,,,,
568,0.9501,,,,,,,,,,,,,,
572,0.9540,,,,,,,,,,,,,,
576,0.9606,,,,,,,,,,,,,,
580,0.9528,,,,,,,,,,,,,,
584,0.9058,,,,,,,,,,,,,,
588,0.8687,,,,,,,,,,,,,,
590,,0.0038,,,,,,,,,,,,,
592,0.7740,,,,,,,,,,,,,,
593,,0.0032,,,,,,,,,,,,,
596,0.6795,0.0000,,,,,,,,,,,,,
599,,0.0019,,,,,,,,,,,,,
600,0.5206,,,,,,,,,,,,,,
602,,0.0031,,,,,,,,,,,,,
604,0.2972,,,,,,,,,,,,,,
605,,0.0006,,,,,,,,,,,,,
608,0.1510,0.0050,,,,,,,,,,,,,
611,,0.0049,,,,,,,,,,,,,
612,0.0918,,,,,,,,,,,,,,
614,,0.0018,,,,,,,,,,,,,
616,0.0520,,,,,,,,,,,,,,
617,,0.0136,,,,,,,,,,,,,
620,0.0355,0.0000,,,,,,,,,,,,,
623,,0.1529,,,,,,,,,,,,,
624,0.0098,,,,,,,,,,,,,,
626,,0.3429,,,,,,,,,,,,,
628,0.0046,,,,,,,,,,,,,,
629,,0.5998,,,,,,,,,,,,,
632,0.0037,0.8024,,,,,,,,,,,,,
635,,0.9709,,,,,,,,,,,,,
636,0.0056,,,,,,,,,,,,,,
638,,1.0000,,,,,,,,,,,,,
640,0.0037,,,,,,,,,,,,,,
641,,0.9758,,,,,,,,,,,,,
644,0.0014,0.9696,,,,,,,,,,,,,
647,,0.9750,,,,,,,,,,,,,
650,0.0000,0.9430,,,,,,,,,,,,,
653,,0.9077,,,,,,,,,,,,,
656,,0.9396,,,,,,,,,,,,,
659,,0.9426,,,,,,,,,,,,,
660,0.0000,,,,,,,,,,,,,,
662,,0.9226,,,,,,,,,,,,,
665,,0.9100,,,,,,,,,,,,,
668,,0.8935,,,,,,,,,,,,,
670,0.0000,,,,,,,,,,,,,,
671,,0.8427,,,,,,,,,,,,,
674,,0.8031,,,,,,,,,,,,,
677,,0.7917,,,,,,,,,,,,,
680,0.0000,0.7702,,,,,,,,,,,,,
683,,0.7487,,,,,,,,,,,,,
686,,0.6619,,,,,,,,,,,,,
689,,0.5544,,,,,,,,,,,,,
690,0.0000,,,,,,,,,,,,,,
692,,0.4596,,,,,,,,,,,,,
695,,0.4258,,,,,,,,,,,,,
698,,0.3708,,,,,,,,,,,,,
700,0.0000,,,,,,,,,,,,,,
701,,0.2991,,,,,,,,,,,,,
704,,0.2166,,,,,,,,,,,,,
707,,0.1247,,,,,,,,,,,,,
710,0.0000,0.0623,,,,,,,,,,,,,
713,,0.0442,,,,,,,,,,,,,
716,,0.0280,,,,,,,,,,,,,
719,,0.0118,,,,,,,,,,,,,
720,0.0000,,0.0022,0.0099,,,,,,,,,,,
722,,0.0105,,,,,,,,,,,,,
724,,,0.0000,0.0088,,,,,,,,,,,
725,,0.0054,,,,,,,,,,,,,
728,,0.0041,0.0093,0.0206,,,,,,,,,,,
730,0.0000,,,,,,,,,,,,,,
731,,0.0007,,,,,,,,,,,,,
732,,,0.0258,0.0384,,,,,,,,,,,
736,,,0.0480,0.0657,,,,,,,,,,,
740,0.0000,0.0000,0.0509,0.1218,,,,,,,,,,,
744,,,0.0980,0.2529,,,,,,,,,,,
748,,,0.1907,0.4064,,,,,,,,,,,
750,,0.0000,,,,,,,,,,,,,
752,,,0.3353,0.6455,,,,,,,,,,,
756,,,0.6379,0.8368,,,,,,,,,,,
760,,0.0000,1.0000,0.8973,,,,,,,,,,,
764,,,0.9786,0.9461,,,,,,,,,,,
768,,,0.8982,1.0000,,,,,,,,,,,
770,,0.0000,,,,,,,,,,,,,
772,,,0.9148,0.9991,,,,,,,,,,,
776,,,0.9778,0.9722,,,,,,,,,,,
780,,,0.9942,0.9279,,,,,,,,,,,
784,,,0.9783,0.8981,,,,,,,,,,,
788,,,0.9624,0.9055,,,,,,,,,,,
792,,,0.9355,0.9010,,,,,,,,,,,
796,,,0.9713,0.9171,,,,,,,,,,,
800,,,0.9820,0.9138,,,,,,,,,,,
804,,,0.9976,0.8957,,,,,,,,,,,
808,,,0.9895,0.9202,,,,,,,,,,,
812,,,0.9751,0.9034,,,,,,,,,,,
816,,,0.9874,0.9031,,,,,,,,,,,
820,,,0.9694,0.8883,,,,,,,,,,,
824,,,0.9542,0.8866,,,,,,,,,,,
828,,,0.9489,0.8935,,,,,,,,,,,
832,,,0.9247,0.9026,,,,,,,,,,,
836,,,0.9609,0.9204,,,,,,,,,,,
840,,,0.9489,0.8863,,,,,,,,,,,
844,,,0.9420,0.8813,,,,,,,,,,,
848,,,0.9297,0.8554,,,,,,,,,,,
852,,,0.8366,0.7877,,,,,,,,,,,
856,,,0.6943,0.7254,,,,,,,,,,,
860,,,0.4813,0.5576,,,,,,,,,,,
864,,,0.2958,0.3490,,,,,,,,,,,
868,,,0.1763,0.2494,,,,,,,,,,,
872,,,0.0900,0.1452,,,,,,,,,,,
876,,,0.0547,0.0929,,,,,,,,,,,
880,,,0.0318,0.0594,,,,,,,,,,,
884,,,0.0258,0.0346,,,,,,,,,,,
888,,,0.0204,0.0133,,,,,,,,,,,
892,,,0.0075,0.0146,,,,,,,,,,,
896,,,0.0074,0.0141,,,,,,,,,,,
900,,,0.0049,0.0146,,,,,,,,,,,
904,,,0.0024,0.0012,,,,,,,,,,,
908,,,0.0024,0.0183,,,,,,,,,,,
912,,,0.0000,0.0075,,,,,,,,,,,
916,,,0.0000,0.0098,,,,,,,,,,,
920,,,0.0000,0.0000,,,,,,,,,,,
924,,,0.0000,0.0047,,,,,,,,,,,
1000,,,,,0.0000,0.0000,0.0000,0.0000,0.0000,0.0000,,,,,
1048,,,,,0.0000,0.0000,0.0000,0.0000,0.0000,0.0000,,,,,
1096,,,,,0.0000,0.0000,0.0000,0.0000,0.0000,0.0000,,,,,
1144,,,,,0.0000,0.0000,0.0000,0.0000,0.0000,0.0000,,,,,
1192,,,,,0.0000,0.0000,0.0000,0.0000,0.0000,0.0000,,,,,
1240,,,,,0.0000,0.0000,0.0000,0.0000,0.0000,0.0000,,,,,
1288,,,,,0.0000,0.0000,0.0000,0.0000,0.0000,0.0000,,,,,
1336,,,,,0.0000,0.0000,0.0000,0.0000,0.0000,0.0000,,,,,
1384,,,,,0.0000,0.0000,0.0000,0.0000,0.0000,0.0000,,,,,
1432,,,,,0.0000,0.0000,0.0000,0.0000,0.0000,0.0000,,,,,
1480,,,,,0.0000,0.0000,0.0000,0.0000,0.0000,0.0000,,,,,
1528,,,,,0.0000,0.0000,0.0000,0.0000,0.0000,0.0000,,,,,
1570,,,,,0.0040,,,,,,,,,,
1576,,,,,,0.0000,0.0000,0.0000,0.0000,0.0000,,,,,
1580,,,,,0.0080,,,,,,,,,,
1590,,,,,0.0330,,,,,,,,,,
1592.5,,,,,0.0450,,,,,,,,,,
1595,,,,,0.0740,,,,,,,,,,
1597.5,,,,,0.0990,,,,,,,,,,
1600,,,,,0.1520,,,,,,,,,,
1602.5,,,,,0.2140,,,,,,,,,,
1605,,,,,0.3050,,,,,,,,,,
1607.5,,,,,0.4200,,,,,,,,,,
1610,,,,,0.5970,,,,,,,,,,
1612.5,,,,,0.6750,,,,,,,,,,
1615,,,,,0.7900,,,,,,,,,,
1617.5,,,,,0.8270,,,,,,,,,,
1620,,,,,0.8400,,,,,,,,,,
1622.5,,,,,0.8480,,,,,,,,,,
1624,,,,,,0.0000,0.0000,0.0000,0.0000,0.0000,,,,,
1625,,,,,0.9010,,,,,,,,,,
1627.5,,,,,0.9050,,,,,,,,,,
1630,,,,,0.9100,,,,,,,,,,
1632.5,,,,,0.9140,,,,,,,,,,
1635,,,,,0.9050,,,,,,,,,,
1637.5,,,,,0.9260,,,,,,,,,,
1640,,,,,0.9470,,,,,,,,,,
1642.5,,,,,0.9670,,,,,,,,,,
1645,,,,,0.9760,,,,,,,,,,
1647.5,,,,,0.9840,,,,,,,,,,
1650,,,,,0.9710,,,,,,,,,,
1652.5,,,,,0.9790,,,,,,,,,,
1655,,,,,0.9880,,,,,,,,,,
1657.5,,,,,1.0000,,,,,,,,,,
1660,,,,,0.9920,,,,,,,,,,
1662.5,,,,,0.9840,,,,,,,,,,
1665,,,,,0.9780,,,,,,,,,,
1667.5,,,,,0.9710,,,,,,,,,,
1670,,,,,0.9470,,,,,,,,,,
1672,,,,,,0.0000,0.0000,0.0000,0.0000,0.0000,,,,,
1672.5,,,,,0.9510,,,,,,,,,,
1675,,,,,0.9450,,,,,,,,,,
1677.5,,,,,0.9380,,,,,,,,,,
1680,,,,,0.9340,,,,,,,,,,
1682.5,,,,,0.9300,,,,,,,,,,
1685,,,,,0.9360,,,,,,,,,,
1687.5,,,,,0.9420,,,,,,,,,,
1690,,,,,0.9140,,,,,,,,,,
1692.5,,,,,0.8970,,,,,,,,,,
1695,,,,,0.7980,,,,,,,,,,
1697.5,,,,,0.7000,,,,,,,,,,
1700,,,,,0.5970,,,,,,,,,,
1702.5,,,,,0.4610,,,,,,,,,,
1705,,,,,0.3700,,,,,,,,,,
1707.5,,,,,0.2630,,,,,,,,,,
1710,,,,,0.1730,,,,,,,,,,
1720,,,,,0.0450,0.0000,0.0000,0.0000,0.0000,0.0000,,,,,
1730,,,,,0.0160,,,,,,,,,,
1740,,,,,0.0040,,,,,,,,,,
1750,,,,,0.0010,,,,,,,,,,
1768,,,,,0.0002,0.0000,0.0000,0.0000,0.0000,0.0000,,,,,
1816,,,,,0.0000,0.0000,0.0000,0.0000,0.0000,0.0000,,,,,
1864,,,,,0.0000,0.0000,0.0000,0.0000,0.0000,0.0000,,,,,
1912,,,,,0.0000,0.0000,0.0000,0.0000,0.0000,0.0000,,,,,
1960,,,,,0.0000,0.0000,0.0000,0.0000,0.0000,0.0000,,,,,
2008,,,,,0.0000,0.0000,0.0000,0.0000,0.0000,0.0000,,,,,
2056,,,,,0.0000,0.0000,0.0000,0.0000,0.0000,0.0000,,,,,
2104,,,,,0.0000,0.0000,0.0000,0.0000,0.0000,0.0000,,,,,
2120,,,,,,0.0080,,,,,,,,,
2130,,,,,,0.0200,,,,,,,,,
2132.5,,,,,,0.0290,,,,,,,,,
2135,,,,,,0.0410,,,,,,,,,
2137.5,,,,,,0.0780,,,,,,,,,
2140,,,,,,0.1310,,,,,,,,,
2142.5,,,,,,0.2050,,,,,,,,,
2145,,,,,,0.3030,,,,,,,,,
2147.5,,,,,,0.5410,,,,,,,,,
2150,,,,,,0.7050,0.0080,,,,,,,,
2152,,,,,0.0000,,,0.0000,0.0000,0.0000,,,,,
2152.5,,,,,,0.7790,,,,,,,,,
2155,,,,,,0.7910,,,,,,,,,
2157.5,,,,,,0.8030,,,,,,,,,
2160,,,,,,0.8220,0.0160,,,,,,,,
2162.5,,,,,,0.8400,,,,,,,,,
2165,,,,,,0.9180,,,,,,,,,
2167.5,,,,,,0.9590,,,,,,,,,
2170,,,,,,1.0000,0.0370,,,,,,,,
2172.5,,,,,,0.9750,0.0490,,,,,,,,
2175,,,,,,0.9020,0.0660,,,,,,,,
2177.5,,,,,,0.7790,0.1070,,,,,,,,
2180,,,,,,0.6890,0.1720,,,,,,,,
2182.5,,,,,,0.5900,0.2540,,,,,,,,
2185,,,,,,0.4180,0.3520,,,,,,,,
2187.5,,,,,,0.3030,0.5000,,,,,,,,
2190,,,,,,0.2300,0.6020,,,,,,,,
2192.5,,,,,,0.1720,0.7420,,,,,,,,
2195,,,,,,0.1070,0.7620,,,,,,,,
2197.5,,,,,,0.0700,0.7790,,,,,,,,
2200,,,,,0.0000,0.0610,0.8520,0.0000,0.0000,0.0000,,,,,
2202.5,,,,,,0.0498,0.8690,,,,,,,,
2205,,,,,,0.0385,0.8860,,,,,,,,
2207.5,,,,,,0.0273,0.9020,,,,,,,,
2210,,,,,,0.0160,0.9290,0.0080,,,,,,,
2212.5,,,,,,0.0140,0.9550,,,,,,,,
2215,,,,,,0.0120,0.9840,,,,,,,,
2217.5,,,,,,0.0100,1.0000,,,,,,,,
2220,,,,,,0.0080,0.9340,0.0250,,,,,,,
2222.5,,,,,,0.0070,0.8200,0.0330,,,,,,,
2225,,,,,,0.0060,0.7540,0.0490,,,,,,,
2227.5,,,,,,0.0050,0.5160,0.0700,,,,,,,
2230,,,,,,0.0040,0.3280,0.1150,,,,,,,
2232.5,,,,,,,0.2380,0.1760,,,,,,,
2234.5,,,,,,0.0037,,,,,,,,,
2235,,,,,,,0.1640,0.2500,,,,,,,
2237.5,,,,,,,0.1070,0.3850,,,,,,,
2239,,,,,,0.0033,,,,,,,,,
2240,,,,,,,0.0570,0.5080,,,,,,,
2242.5,,,,,,,0.0468,0.6560,,,,,,,
2243.5,,,,,,0.0030,,,,,,,,,
2245,,,,,,,0.0365,0.7950,,,,,,,
2247.5,,,,,,,0.0263,0.8690,,,,,,,
2248,,,,,0.0000,0.0027,,,0.0001,0.0000,,,,,
2250,,,,,,,0.0160,0.8480,,,,,,,
2252.5,,,,,,,0.0140,0.9100,,,,,,,
2255,,,,,,,0.0120,0.9100,,,,,,,
2257.5,,,,,,,0.0100,0.9260,,,,,,,
2260,,,,,,0.0020,0.0080,0.9260,0.0120,,,,,,
2262.5,,,,,,,0.0070,0.9430,,,,,,,
2265,,,,,,,0.0060,0.9590,,,,,,,
2267.5,,,,,,,0.0050,0.9750,,,,,,,
2270,,,,,,,0.0040,0.9750,0.0160,,,,,,
2272,,,,,,0.0013,,,,,,,,,
2272.5,,,,,,,,1.0000,,,,,,,
2275,,,,,,,,0.9590,,,,,,,
2276.5,,,,,,,0.0030,,,,,,,,
2277.5,,,,,,,,0.8690,,,,,,,
2280,,,,,,,,0.7990,0.0450,,,,,,
2282.5,,,,,,,,0.7050,0.0610,,,,,,
2283,,,,,,,0.0021,,,,,,,,
2284,,,,,,0.0007,,,,,,,,,
2285,,,,,,,,0.6230,0.0820,,,,,,
2287.5,,,,,,,,0.5000,0.1060,,,,,,
2289.5,,,,,,,0.0012,,,,,,,,
2290,,,,,,,,0.3930,0.1390,,,,,,
2292.5,,,,,,,,0.3030,0.2040,,,,,,
2295,,,,,,,,0.2420,0.2860,,,,,,
2296,,,,,0.0000,0.0000,0.0002,,,0.0001,,,,,
2297.5,,,,,,,,0.1760,0.4490,,,,,,
2300,,,,,,,,0.1270,0.6040,,,,,,
2302.5,,,,,,,,0.1060,0.7020,,,,,,
2305,,,,,,,,0.0840,0.8330,,,,,,
2307.5,,,,,,,,0.0625,0.9710,,,,,,
2310,,,,,,,,0.0410,0.9880,,,,,,
2312.5,,,,,,,,0.0370,0.9550,,,,,,
2315,,,,,,,,0.0330,0.9800,,,,,,
2317.5,,,,,,,,0.0290,0.9770,,,,,,
2320,,,,,,,,0.0250,0.9750,0.0080,,,,,
2322.5,,,,,,,,,0.9720,,,,,,
2325,,,,,,,,,0.9700,,,,,,
2326,,,,,,,,0.0209,,,,,,,
2327.5,,,,,,,,,0.9670,,,,,,
2330,,,,,,,,,0.9470,0.0120,,,,,
2332,,,,,,,,0.0168,,,,,,,
2332.5,,,,,,,,,0.9620,,,,,,
2335,,,,,,,,,0.9770,,,,,,
2337.5,,,,,,,,,0.9920,,,,,,
2338,,,,,,,,0.0127,,,,,,,
2340,,,,,,,,,1.0000,0.0200,,,,,
2342.5,,,,,,,,,0.9800,0.0290,,,,,
2344,,,,,0.0000,0.0000,0.0000,0.0086,,,,,,,
2345,,,,,,,,,0.9960,0.0450,,,,,
2347.5,,,,,,,,,0.9920,0.0650,,,,,
2350,,,,,,,,,0.9960,0.0780,,,,,
2352.5,,,,,,,,,0.9550,0.1100,,,,,
2355,,,,,,,,,0.9630,0.1550,,,,,
2356,,,,,,,,0.0065,,,,,,,
2357.5,,,,,,,,,0.9060,0.2290,,,,,
2360,,,,,,,,,0.8370,0.3270,,,,,
2362.5,,,,,,,,,0.7840,0.4240,,,,,
2365,,,,,,,,,0.7020,0.5390,,,,,
2367.5,,,,,,,,,0.5800,0.7270,,,,,
2368,,,,,,,,0.0044,,,,,,,
2370,,,,,,,,,0.4410,0.7840,,,,,
2372.5,,,,,,,,,0.3430,0.9060,,,,,
2375,,,,,,,,,0.2780,0.9270,,,,,
2377.5,,,,,,,,,0.2200,0.8980,,,,,
2380,,,,,,,,0.0022,0.1670,0.9000,,,,,
2382.5,,,,,,,,,,0.9010,,,,,
2385,,,,,,,,,,0.9030,,,,,
2387.5,,,,,,,,,,0.9040,,,,,
2390,,,,,,,,,0.0570,0.9060,,,,,
2392,,,,,0.0000,0.0000,0.0000,0.0001,,,,,,,
2392.5,,,,,,,,,,0.9310,,,,,
2395,,,,,,,,,,0.9270,,,,,
2397.5,,,,,,,,,,0.9220,,,,,
2400,,,,,,,,,0.0200,0.9610,,,,,
2402.5,,,,,,,,,,1.0000,,,,,
2405,,,,,,,,,,0.9800,,,,,
2407.5,,,,,,,,,,0.9590,,,,,
2410,,,,,,,,,0.0120,0.9270,,,,,
2412.5,,,,,,,,,,0.8940,,,,,
2415,,,,,,,,,,0.8690,,,,,
2417.5,,,,,,,,,,0.8330,,,,,
2420,,,,,,,,,0.0080,0.8160,,,,,
2422.5,,,,,,,,,,0.7670,,,,,
2425,,,,,,,,,,0.7020,,,,,
2427.5,,,,,,,,,,0.6610,,,,,
2430,,,,,,,,,0.0040,0.5630,,,,,
2432.5,,,,,,,,,,0.4240,,,,,
2435,,,,,,,,,,0.3430,,,,,
2437.5,,,,,,,,,,0.2610,,,,,
2440,,,,,0.0000,0.0000,0.0000,0.0000,0.0012,0.1920,,,,,
2450,,,,,,,,,,0.0490,,,,,
2460,,,,,,,,,,0.0160,,,,,
2470,,,,,,,,,,0.0080,,,,,
2480,,,,,,,,,,0.0040,,,,,
2488,,,,,0.0000,0.0000,0.0000,0.0000,0.0001,0.0088,,,,,
2536,,,,,0.0000,0.0000,0.0000,0.0000,0.0000,0.0001,,,,,
2584,,,,,0.0000,0.0000,0.0000,0.0000,0.0000,0.0000,,,,,
2632,,,,,0.0000,0.0000,0.0000,0.0000,0.0000,0.0000,,,,,
2680,,,,,0.0000,0.0000,0.0000,0.0000,0.0000,0.0000,,,,,
2728,,,,,0.0000,0.0000,0.0000,0.0000,0.0000,0.0000,,,,,
2776,,,,,0.0000,0.0000,0.0000,0.0000,0.0000,0.0000,,,,,
2824,,,,,0.0000,0.0000,0.0000,0.0000,0.0000,0.0000,,,,,
2872,,,,,0.0000,0.0000,0.0000,0.0000,0.0000,0.0000,,,,,
2920,,,,,0.0000,0.0000,0.0000,0.0000,0.0000,0.0000,,,,,
2968,,,,,0.0000,0.0000,0.0000,0.0000,0.0000,0.0000,,,,,
3016,,,,,0.0000,0.0000,0.0000,0.0000,0.0000,0.0000,,,,,
3064,,,,,0.0000,0.0000,0.0000,0.0000,0.0001,0.0000,,,,,
3112,,,,,0.0000,0.0000,0.0001,0.0000,0.0001,0.0001,,,,,
3160,,,,,0.0000,0.0000,0.0001,0.0000,0.0001,0.0002,,,,,
3208,,,,,0.0000,0.0000,0.0000,0.0000,0.0002,0.0002,,,,,
3256,,,,,0.0000,0.0000,0.0000,0.0000,0.0002,0.0007,,,,,
3304,,,,,0.0000,0.0000,0.0000,0.0000,0.0015,0.0010,,,,,
3352,,,,,0.0000,0.0000,0.0000,0.0000,0.0000,0.0000,,,,,
3400,,,,,0.0000,0.0000,0.0000,0.0000,0.0000,0.0000,,,,,
3448,,,,,0.0000,0.0000,0.0000,0.0000,0.0000,0.0000,,,,,
3496,,,,,0.0000,0.0000,0.0000,0.0000,0.0000,0.0000,,,,,
3544,,,,,0.0000,0.0000,0.0000,0.0000,0.0000,0.0000,,,,,
3592,,,,,0.0000,0.0000,0.0000,0.0000,0.0000,0.0000,,,,,
3640,,,,,0.0000,0.0000,0.0000,0.0000,0.0000,0.0000,,,,,
3688,,,,,0.0000,0.0000,0.0000,0.0000,0.0000,0.0000,,,,,
3736,,,,,0.0000,0.0000,0.0000,0.0000,0.0000,0.0000,,,,,
3784,,,,,0.0000,0.0000,0.0000,0.0000,0.0000,0.0000,,,,,
3832,,,,,0.0000,0.0000,0.0000,0.0000,0.0000,0.0000,,,,,
3880,,,,,0.0000,0.0000,0.0000,0.0000,0.0000,0.0000,,,,,
3928,,,,,0.0000,0.0000,0.0000,0.0000,0.0000,0.0000,,,,,
3976,,,,,0.0000,0.0000,0.0000,0.0000,0.0000,0.0000,,,,,
4024,,,,,0.0000,0.0000,0.0000,0.0000,0.0000,0.0000,,,,,
4072,,,,,0.0000,0.0000,0.0000,0.0000,0.0000,0.0000,,,,,
4120,,,,,0.0000,0.0000,0.0000,0.0000,0.0000,0.0000,,,,,
4168,,,,,0.0000,0.0000,0.0000,0.0000,0.0000,0.0000,,,,,
4216,,,,,0.0000,0.0000,0.0000,0.0000,0.0000,0.0000,,,,,
4264,,,,,0.0000,0.0000,0.0000,0.0000,0.0000,0.0000,,,,,
4312,,,,,0.0000,0.0000,0.0000,0.0000,0.0000,0.0000,,,,,
4360,,,,,0.0000,0.0000,0.0000,0.0000,0.0000,0.0000,,,,,
4408,,,,,0.0000,0.0000,0.0000,0.0000,0.0000,0.0000,,,,,
4456,,,,,0.0000,0.0000,0.0000,0.0000,0.0000,0.0000,,,,,
4504,,,,,0.0000,0.0000,0.0000,0.0000,0.0000,0.0000,,,,,
4552,,,,,0.0000,0.0000,0.0000,0.0000,0.0000,0.0000,,,,,
4600,,,,,0.0000,0.0000,0.0000,0.0000,0.0000,0.0000,,,,,
4648,,,,,0.0000,0.0000,0.0000,0.0000,0.0000,0.0000,,,,,
4696,,,,,0.0000,0.0000,0.0000,0.0000,0.0000,0.0000,,,,,
4744,,,,,0.0000,0.0000,0.0000,0.0000,0.0000,0.0000,,,,,
4792,,,,,0.0000,0.0000,0.0000,0.0000,0.0000,0.0000,,,,,
4840,,,,,0.0000,0.0000,0.0000,0.0000,0.0000,0.0000,,,,,
4888,,,,,0.0000,0.0000,0.0000,0.0000,0.0000,0.0000,,,,,
4936,,,,,0.0000,0.0000,0.0000,0.0000,0.0000,0.0000,,,,,
4984,,,,,0.0000,0.0000,0.0000,0.0000,0.0000,0.0000,,,,,
5032,,,,,0.0000,0.0000,0.0000,0.0000,0.0000,0.0000,,,,,
5080,,,,,0.0000,0.0000,0.0000,0.0000,0.0000,0.0000,,,,,
5128,,,,,0.0000,0.0000,0.0000,0.0000,0.0000,0.0000,,,,,
5176,,,,,0.0000,0.0000,0.0000,0.0000,0.0000,0.0000,,,,,
5224,,,,,0.0000,0.0000,0.0000,0.0000,0.0000,0.0000,,,,,
5272,,,,,0.0000,0.0000,0.0000,0.0000,0.0000,0.0000,,,,,
5320,,,,,0.0000,0.0000,0.0000,0.0000,0.0000,0.0000,,,,,
5368,,,,,0.0000,0.0000,0.0000,0.0000,0.0000,0.0000,,,,,
5416,,,,,0.0000,0.0000,0.0000,,0.0000,0.0000,,,,,
5464,,,,,0.0000,0.0000,0.0000,0.0000,,0.0000,,,,,
5500,,,,,,,,,,0.0000,,,,,
5512,,,,,0.0000,0.0000,0.0000,0.0000,0.0000,,,,,,
5520,,,,,,,,,0.0000,0.0000,,,,,
5530,,,,,,,,0.0000,0.0000,0.0000,,,,,
5540,,,,,,0.0000,0.0000,0.0000,0.0000,0.0000,,,,,
5550,,,,,,0.0000,0.0000,0.0000,0.0000,0.0000,,,,,
5560,,,,,,0.0000,0.0000,0.0000,0.0000,0.0000,,,,,
5570,,,,,,0.0000,0.0000,0.0000,0.0000,0.0000,,,,,
5580,,,,,,0.0000,0.0000,0.0000,0.0000,0.0000,,,,,
8000,,,,,,,,,,,0,0,0,0,0
8010,,,,,,,,,,,0,0.0003,0.0014,0.0003,0
8020,,,,,,,,,,,0,0.0001,0.0009,0.0002,0.0001
8030,,,,,,,,,,,0.0022,0,0.0009,0,0
8040,,,,,,,,,,,0.0123,0,0.0008,0.0002,0
8050,,,,,,,,,,,0.0307,0,0.0007,0.0002,0.0001
8060,,,,,,,,,,,0.0618,0,0.0007,0.0002,0
8070,,,,,,,,,,,0.1117,0,0.0006,0.0003,0.0001
8080,,,,,,,,,,,0.1838,0,0.0005,0.0002,0.0001
8090,,,,,,,,,,,0.2832,0,0.0007,0.0002,0
8100,,,,,,,,,,,0.4073,0,0.0008,0.0002,0
8110,,,,,,,,,,,0.5508,0,0.0011,0.0004,0.0002
8120,,,,,,,,,,,0.6964,0,0.0012,0,0
8130,,,,,,,,,,,0.8089,0,0.0014,0.0003,0.0001
8140,,,,,,,,,,,0.877,0,0.0016,0.0004,0
8150,,,,,,,,,,,0.8985,0,0.0017,0.0005,0
8160,,,,,,,,,,,0.9136,0,0.0014,0.0004,0.0002
8170,,,,,,,,,,,0.9358,0,0.0015,0.0005,0
8180,,,,,,,,,,,0.9419,0,0.0013,0.0006,0
8190,,,,,,,,,,,0.9173,0,0.0014,0.0002,0.0003
8200,,,,,,,,,,,0.8759,0.0004,0.0012,0.0006,0
8210,,,,,,,,,,,0.8529,0.0006,0.001,0.0007,0.0001
8220,,,,,,,,,,,0.8489,0.0011,0.0008,0.0006,0.0003
8230,,,,,,,,,,,0.8445,0.0011,0.001,0.0007,0.0003
8240,,,,,,,,,,,0.8362,0.0007,0.001,0.0008,0.0002
8250,,,,,,,,,,,0.8407,0.0003,0.0014,0.0006,0
8260,,,,,,,,,,,0.8715,0,0.0011,0.0005,0.0001
8270,,,,,,,,,,,0.9095,0,0.0009,0.0006,0.0002
8280,,,,,,,,,,,0.9317,0,0.0009,0.0008,0.0001
8290,,,,,,,,,,,0.9383,0,0.0007,0.0006,0
8300,,,,,,,,,,,0.9488,0,0.0006,0.0004,0.0002
8310,,,,,,,,,,,0.9659,0,0.0003,0.0005,0.0001
8320,,,,,,,,,,,0.9807,0,0.0006,0.0008,0.0001
8330,,,,,,,,,,,0.9766,0,0.0003,0.0007,0.0002
8340,,,,,,,,,,,0.9726,0,0.0007,0.0009,0
8350,,,,,,,,,,,0.9777,0,0.0008,0.0007,0
8360,,,,,,,,,,,0.9954,0,0.001,0.0008,0.0002
8370,,,,,,,,,,,1,0.0023,0.001,0.0008,0
8380,,,,,,,,,,,0.9925,0.0101,0.0008,0.0009,0
8390,,,,,,,,,,,0.9751,0.0247,0.0006,0.0006,0.0001
8400,,,,,,,,,,,0.9572,0.0488,0.0004,0.0011,0
8410,,,,,,,,,,,0.9148,0.0865,0,0.0008,0
8420,,,,,,,,,,,0.8427,0.1417,0,0.0009,0
8430,,,,,,,,,,,0.7486,0.2174,0,0.0005,0
8440,,,,,,,,,,,0.6316,0.3161,0,0.0006,0
8450,,,,,,,,,,,0.5013,0.4345,0,0.0008,0.0002
8460,,,,,,,,,,,0.3525,0.5567,0,0.0005,0.0001
8470,,,,,,,,,,,0.2179,0.6757,0,0.0008,0.0001
8480,,,,,,,,,,,0.1224,0.7702,0,0.0008,0
8490,,,,,,,,,,,0.0687,0.832,0,0.0005,0.0002
8500,,,,,,,,,,,0.0424,0.8738,0,0.0004,0
8510,,,,,,,,,,,0.0285,0.9004,0,0.0006,0.0004
8520,,,,,,,,,,,0.0216,0.9195,0,0.0005,0.0004
8530,,,,,,,,,,,0.0179,0.9128,0,0.0006,0.0003
8540,,,,,,,,,,,0.016,0.8847,0,0.0006,0.0003
8550,,,,,,,,,,,0.0149,0.8577,0,0.0006,0.0004
8560,,,,,,,,,,,0.0133,0.8535,0,0.0002,0.0004
8570,,,,,,,,,,,0.0122,0.8576,0,0.0006,0.0002
8580,,,,,,,,,,,0.011,0.8632,0,0.0004,0.0004
8590,,,,,,,,,,,0.0098,0.8701,0,0.0006,0.0005
8600,,,,,,,,,,,0.009,0.8879,0.0001,0.0005,0.0004
8610,,,,,,,,,,,0.0079,0.9155,0.0003,0.0003,0.0006
8620,,,,,,,,,,,0.0065,0.9511,0.0007,0.0003,0.0008
8630,,,,,,,,,,,0.0052,0.9665,0.0009,0.0002,0.0003
8640,,,,,,,,,,,0.0038,0.964,0.0012,0.0003,0.0008
8650,,,,,,,,,,,0.0026,0.9543,0.0008,0.0006,0.0006
8660,,,,,,,,,,,0.0018,0.9611,0.0008,0.0003,0.0009
8670,,,,,,,,,,,0.0015,0.9626,0.0002,0.0005,0.0007
8680,,,,,,,,,,,0.0015,0.9546,0,0.0004,0.0009
8690,,,,,,,,,,,0.0017,0.9412,0,0.0005,0.0005
8700,,,,,,,,,,,0.0019,0.9387,0,0.0005,0.0009
8710,,,,,,,,,,,0.0024,0.9555,0,0.0005,0.0004
8720,,,,,,,,,,,0.0024,0.9881,0,0.0004,0.0007
8730,,,,,,,,,,,0.0025,1,0,0.0003,0.0009
8740,,,,,,,,,,,0.0024,0.9949,0,0.0003,0.0005
8750,,,,,,,,,,,0.0024,0.9748,0,0.0002,0.0008
8760,,,,,,,,,,,0.0025,0.9329,0,0.0004,0.0008
8770,,,,,,,,,,,0.0026,0.8751,0,0.0004,0.0008
8780,,,,,,,,,,,0.0025,0.773,0,0.0004,0.0008
8790,,,,,,,,,,,0.0024,0.6446,0,0.0004,0.0005
8800,,,,,,,,,,,0.0024,0.5088,0,0.0004,0.0005
8810,,,,,,,,,,,0.0021,0.3815,0.0055,0.0003,0.0007
8820,,,,,,,,,,,0.002,0.2767,0.0158,0.0003,0.0006
8830,,,,,,,,,,,0.0015,0.1778,0.0323,0.0004,0.0006
8840,,,,,,,,,,,0.0011,0.1086,0.0594,0.0003,0.0009
8850,,,,,,,,,,,0.0009,0.0652,0.1001,0.0002,0.0007
8860,,,,,,,,,,,0.0005,0.0412,0.1565,0.0003,0.0007
8870,,,,,,,,,,,0.0004,0.0299,0.2351,0.0002,0.0006
8880,,,,,,,,,,,0.0004,0.0229,0.3348,0.0002,0.0007
8890,,,,,,,,,,,0.0003,0.0187,0.4533,0.0001,0.0008
8900,,,,,,,,,,,0.0002,0.0158,0.5832,0.0001,0.0006
8910,,,,,,,,,,,0.0002,0.0143,0.7067,0.0002,0.0003
8920,,,,,,,,,,,0.0004,0.0131,0.8004,0.0002,0.0007
8930,,,,,,,,,,,0.0005,0.0117,0.8675,0.0003,0.0004
8940,,,,,,,,,,,0.0003,0.0107,0.899,0.0001,0.0004
8950,,,,,,,,,,,0.0003,0.0093,0.9002,0.0002,0.0005
8960,,,,,,,,,,,0,0.0086,0.8878,0.0004,0.0006
8970,,,,,,,,,,,0,0.0075,0.874,0.0005,0
8980,,,,,,,,,,,0,0.0075,0.8609,0.0004,0.0005
8990,,,,,,,,,,,0,0.0058,0.8596,0.0006,0.0004
9000,,,,,,,,,,,0,0.0041,0.858,0.0007,0.0004
9010,,,,,,,,,,,0.0001,0.0035,0.8549,0.0007,0.0002
9020,,,,,,,,,,,0.0001,0.0024,0.8677,0.0007,0.0004
9030,,,,,,,,,,,0,0.002,0.8957,0.0006,0.0004
9040,,,,,,,,,,,0,0.0016,0.9278,0.0007,0.0004
9050,,,,,,,,,,,0,0.0018,0.9669,0.0012,0.0004
9060,,,,,,,,,,,0,0.0017,0.9885,0.0007,0.0003
9070,,,,,,,,,,,0,0.0016,0.9965,0.0008,0.0001
9080,,,,,,,,,,,0,0.0018,1,0.0011,0.0006
9090,,,,,,,,,,,0,0.0018,0.9981,0.0008,0.0003
9100,,,,,,,,,,,0,0.002,0.9893,0.0008,0
9110,,,,,,,,,,,0,0.0021,0.9767,0.001,0.0003
9120,,,,,,,,,,,0,0.0021,0.9522,0.0007,0.0004
9130,,,,,,,,,,,0,0.0024,0.9289,0.0012,0.0002
9140,,,,,,,,,,,0,0.0023,0.9273,0.0011,0.0001
9150,,,,,,,,,,,0,0.0027,0.935,0.0011,0.0003
9160,,,,,,,,,,,0,0.0026,0.9573,0.0008,0.0003
9170,,,,,,,,,,,0,0.0025,0.9755,0.0011,0.0002
9180,,,,,,,,,,,0,0.0025,0.986,0.0009,0.0002
9190,,,,,,,,,,,0,0.0019,0.9867,0.0009,0.0001
9200,,,,,,,,,,,0,0.0019,0.9776,0.0011,0.0002
9210,,,,,,,,,,,0,0.0015,0.9566,0.0008,0
9220,,,,,,,,,,,0,0.0009,0.9016,0.0006,0.0005
9230,,,,,,,,,,,0,0.0012,0.8138,0.0007,0.0002
9240,,,,,,,,,,,0,0.0007,0.6934,0.0007,0.0003
9250,,,,,,,,,,,0,0.0009,0.5646,0.0007,0.0004
9260,,,,,,,,,,,0,0.0005,0.4355,0.001,0.0005
9270,,,,,,,,,,,0,0.0007,0.3202,0.0009,0
9280,,,,,,,,,,,0,0.0006,0.2139,0.0008,0
9290,,,,,,,,,,,0,0.0012,0.1361,0.001,0.0003
9300,,,,,,,,,,,0,0.0011,0.0813,0.001,0.0001
9310,,,,,,,,,,,0,0.0009,0.0516,0.0011,0.0002
9320,,,,,,,,,,,0,0.0008,0.0341,0.0012,0.0004
9330,,,,,,,,,,,0,0.0006,0.025,0.001,0.0001
9340,,,,,,,,,,,0,0.0005,0.0198,0.0012,0.0005
9350,,,,,,,,,,,0,0.0002,0.0171,0.0012,0.0001
9360,,,,,,,,,,,0,0,0.0148,0.0013,0
9370,,,,,,,,,,,0,0,0.0139,0.0014,0.0005
9380,,,,,,,,,,,0,0,0.0126,0.0013,0.0001
9390,,,,,,,,,,,0,0.0002,0.0118,0.0012,0
9400,,,,,,,,,,,0,0,0.0104,0.0017,0.0001
9410,,,,,,,,,,,0,0,0.0096,0.0012,0
9420,,,,,,,,,,,0,0.0002,0.0088,0.0013,0.0005
9430,,,,,,,,,,,0,0.0004,0.0077,0.0015,0.0002
9440,,,,,,,,,,,0,0.0006,0.007,0.0013,0.0003
9450,,,,,,,,,,,0,0.0005,0.0063,0.0015,0
9460,,,,,,,,,,,0,0,0.0054,0.0018,0
9470,,,,,,,,,,,0,0.0001,0.0045,0.0017,0.0005
9480,,,,,,,,,,,0,0,0.0031,0.0017,0.0002
9490,,,,,,,,,,,0,0,0.0023,0.0012,0.0004
9500,,,,,,,,,,,0,0,0.0023,0.0012,0.0001
9510,,,,,,,,,,,0,0,0.0017,0.0011,0.0003
9520,,,,,,,,,,,0,0,0.0018,0.0012,0.0004
9530,,,,,,,,,,,0,0,0.0015,0.0007,0.0006
9540,,,,,,,,,,,0,0,0.0017,0.0003,0.0006
9550,,,,,,,,,,,0,0,0.0014,0.0004,0.0009
9560,,,,,,,,,,,0,0,0.0015,0.0004,0.0006
9570,,,,,,,,,,,0,0,0.0016,0.0006,0.0009
9580,,,,,,,,,,,0,0,0.0013,0.0004,0.0011
9590,,,,,,,,,,,0,0,0.0012,0.0002,0.0011
9600,,,,,,,,,,,0,0,0.0019,0.0001,0.001
9610,,,,,,,,,,,0,0,0.0018,0.0003,0.0013
9620,,,,,,,,,,,0,0,0.0021,0.0005,0.0012
9630,,,,,,,,,,,0,0,0.0021,0.0004,0.001
9640,,,,,,,,,,,0,0,0.0027,0.0004,0.0007
9650,,,,,,,,,,,0,0,0.0028,0.0001,0.0009
9660,,,,,,,,,,,0,0,0.0028,0,0.0009
9670,,,,,,,,,,,0.0001,0,0.0028,0,0.0013
9680,,,,,,,,,,,0.0001,0,0.0027,0,0.0009
9690,,,,,,,,,,,0,0,0.0023,0,0.0012
9700,,,,,,,,,,,0,0,0.0019,0,0.0012
9710,,,,,,,,,,,0.0001,0,0.0014,0.0002,0.0011
9720,,,,,,,,,,,0,0,0.0011,0.0001,0.0008
9730,,,,,,,,,,,0,0,0.0008,0.0002,0.0007
9740,,,,,,,,,,,0,0,0.0009,0.0003,0.0008
9750,,,,,,,,,,,0,0,0.0008,0.0006,0.0007
9760,,,,,,,,,,,0,0,0.0006,0.0002,0.0005
9770,,,,,,,,,,,0,0,0.001,0.0007,0.0006
9780,,,,,,,,,,,0,0,0.0011,0.001,0.0005
9790,,,,,,,,,,,0,0,0.0015,0.0003,0.0004
9800,,,,,,,,,,,0,0,0.0017,0,0.0006
9810,,,,,,,,,,,0,0,0.0013,0.0001,0.0005
9820,,,,,,,,,,,0,0,0.0015,0,0.0005
9830,,,,,,,,,,,0,0,0.0015,0,0.0003
9840,,,,,,,,,,,0,0,0.0015,0,0.0005
9850,,,,,,,,,,,0,0,0.0009,0,0.0008
9860,,,,,,,,,,,0,0,0.0006,0,0.0007
9870,,,,,,,,,,,0.0002,0,0.0003,0,0.0009
9880,,,,,,,,,,,0,0,0.0002,0,0.0012
9890,,,,,,,,,,,0.0001,0,0,0,0.001
9900,,,,,,,,,,,0,0,0,0,0.0013
9910,,,,,,,,,,,0.0001,0,0,0,0.0013
9920,,,,,,,,,,,0,0,0,0,0.0015
9930,,,,,,,,,,,0.0001,0,0,0,0.0017
9940,,,,,,,,,,,0.0001,0,0.0003,0,0.0014
9950,,,,,,,,,,,0.0001,0,0.0001,0,0.0012
9960,,,,,,,,,,,0.0002,0,0.0001,0.0005,0.0015
9970,,,,,,,,,,,0.0003,0,0.0001,0.0006,0.0014
9980,,,,,,,,,,,0.0004,0,0.0005,0.0003,0.0012
9990,,,,,,,,,,,0.0003,0,0.0007,0.0007,0.0014
10000,,,,,,,,,,,0.0006,0,0.0005,0.0007,0.0012
10010,,,,,,,,,,,0.0005,0,0.0003,0.0007,0.001
10020,,,,,,,,,,,0.0004,0,0,0.0004,0.0012
10030,,,,,,,,,,,0.0004,0,0,0.0001,0.001
10040,,,,,,,,,,,0.0002,0,0,0,0.0008
10050,,,,,,,,,,,0.0002,0,0,0,0.0013
10060,,,,,,,,,,,0.0002,0,0,0,0.0008
10070,,,,,,,,,,,0.0001,0,0,0,0.0007
10080,,,,,,,,,,,0.0001,0,0,0,0.0009
10090,,,,,,,,,,,0,0,0,0,0.0012
10100,,,,,,,,,,,0,0,0,0,0.0009
10110,,,,,,,,,,,0.0002,0.0003,0,0,0.0006
10120,,,,,,,,,,,0.0005,0.0002,0,0,0.0005
10130,,,,,,,,,,,0.0003,0,0,0,0.0008
10140,,,,,,,,,,,0.0004,0.0006,0,0,0.0002
10150,,,,,,,,,,,0.0004,0.0006,0,0,0.0003
10160,,,,,,,,,,,0.0004,0.0003,0,0.0014,0
10170,,,,,,,,,,,0.0003,0.0006,0,0.0036,0.0001
10180,,,,,,,,,,,0.0005,0.0002,0,0.0068,0.0002
10190,,,,,,,,,,,0.0003,0.0002,0,0.011,0.0001
10200,,,,,,,,,,,0.0003,0,0,0.0171,0
10210,,,,,,,,,,,0,0,0,0.0255,0.0005
10220,,,,,,,,,,,0,0,0,0.0371,0.0007
10230,,,,,,,,,,,0,0.0002,0,0.0514,0.0005
10240,,,,,,,,,,,0,0,0,0.0709,0
10250,,,,,,,,,,,0,0,0,0.0955,0.0003
10260,,,,,,,,,,,0,0,0,0.1263,0.0002
10270,,,,,,,,,,,0,0,0,0.1659,0.0001
10280,,,,,,,,,,,0,0,0,0.2125,0.0001
10290,,,,,,,,,,,0,0,0,0.2651,0.0001
10300,,,,,,,,,,,0,0,0,0.3288,0
10310,,,,,,,,,,,0,0,0,0.4005,0
10320,,,,,,,,,,,0,0,0,0.4752,0
10330,,,,,,,,,,,0,0,0,0.5541,0
10340,,,,,,,,,,,0,0.0002,0,0.6411,0
10350,,,,,,,,,,,0,0.0001,0,0.7177,0
10360,,,,,,,,,,,0,0.0003,0,0.7823,0
10370,,,,,,,,,,,0,0.0001,0,0.836,0
10380,,,,,,,,,,,0,0,0,0.8824,0
10390,,,,,,,,,,,0,0,0,0.9007,0
10400,,,,,,,,,,,0,0,0,0.9138,0
10410,,,,,,,,,,,0,0,0,0.92,0
10420,,,,,,,,,,,0,0,0,0.919,0
10430,,,,,,,,,,,0,0,0,0.9112,0
10440,,,,,,,,,,,0,0.0001,0,0.8988,0
10450,,,,,,,,,,,0,0.0003,0,0.8914,0
10460,,,,,,,,,,,0,0.0004,0,0.8836,0
10470,,,,,,,,,,,0,0.0004,0,0.8783,0
10480,,,,,,,,,,,0,0,0,0.8729,0
10490,,,,,,,,,,,0,0.0003,0,0.8714,0
10500,,,,,,,,,,,0,0.0001,0,0.8687,0
10510,,,,,,,,,,,0.0009,0.0002,0,0.8621,0
10520,,,,,,,,,,,0.0013,0.0005,0,0.8638,0
10530,,,,,,,,,,,0.0015,0,0,0.866,0
10540,,,,,,,,,,,0.0015,0.0001,0,0.8662,0
10550,,,,,,,,,,,0.0018,0.0002,0,0.8679,0
10560,,,,,,,,,,,0.0017,0,0,0.8836,0
10570,,,,,,,,,,,0.0016,0,0,0.889,0
10580,,,,,,,,,,,0.0018,0,0,0.8897,0
10590,,,,,,,,,,,0.0019,0,0,0.8994,0.0003
10600,,,,,,,,,,,0.0016,0,0,0.9115,0.0001
10610,,,,,,,,,,,0.0015,0,0,0.9127,0.0005
10620,,,,,,,,,,,0.0018,0.0001,0,0.9213,0.0005
10630,,,,,,,,,,,0.0016,0,0,0.937,0.0004
10640,,,,,,,,,,,0.0014,0.0001,0,0.9408,0.0006
10650,,,,,,,,,,,0.001,0.0001,0,0.9457,0.0007
10660,,,,,,,,,,,0.001,0.0002,0,0.9489,0.0007
10670,,,,,,,,,,,0.0008,0.0001,0,0.9534,0.0005
10680,,,,,,,,,,,0.0004,0.0004,0,0.9547,0.0005
10690,,,,,,,,,,,0.0005,0.0001,0,0.954,0.0005
10700,,,,,,,,,,,0.0001,0.0001,0,0.9603,0
10710,,,,,,,,,,,0.0001,0.0002,0,0.9668,0.0001
10720,,,,,,,,,,,0,0,0.0003,0.9667,0
10730,,,,,,,,,,,0,0.0003,0.0006,0.967,0
10740,,,,,,,,,,,0,0,0.0008,0.97,0
10750,,,,,,,,,,,0,0,0.0006,0.9588,0
10760,,,,,,,,,,,0,0,0.0003,0.9626,0
10770,,,,,,,,,,,0,0,0.0006,0.9662,0
10780,,,,,,,,,,,0,0,0.0001,0.9607,0.0005
10790,,,,,,,,,,,0,0,0.0002,0.9649,0.0018
10800,,,,,,,,,,,0,0,0,0.9744,0.0029
10810,,,,,,,,,,,0,0,0.0001,0.9711,0.0054
10820,,,,,,,,,,,0,0,0,0.9736,0.0082
10830,,,,,,,,,,,0,0,0,0.9797,0.0107
10840,,,,,,,,,,,0,0,0,0.981,0.0148
10850,,,,,,,,,,,0,0,0,0.9831,0.0204
10860,,,,,,,,,,,0,0,0,0.991,0.0262
10870,,,,,,,,,,,0,0,0,0.9959,0.035
10880,,,,,,,,,,,0,0,0,1,0.0443
10890,,,,,,,,,,,0,0,0,0.995,0.0556
10900,,,,,,,,,,,0,0,0,0.9864,0.0702
10910,,,,,,,,,,,0,0,0,0.9684,0.0882
10920,,,,,,,,,,,0,0,0,0.9418,0.1094
10930,,,,,,,,,,,0,0,0.0001,0.9122,0.135
10940,,,,,,,,,,,0,0,0.0002,0.8619,0.1646
10950,,,,,,,,,,,0,0,0,0.803,0.1991
10960,,,,,,,,,,,0,0,0.0003,0.7421,0.2405
10970,,,,,,,,,,,0,0,0,0.6583,0.2831
10980,,,,,,,,,,,0.0002,0,0,0.5668,0.3345
10990,,,,,,,,,,,0.0001,0,0,0.4838,0.3885
11000,,,,,,,,,,,0.0003,0,0,0.3893,0.4477
11010,,,,,,,,,,,0.0003,0,0,0.3115,0.5184
11020,,,,,,,,,,,0.0003,0,0,0.2489,0.5777
11030,,,,,,,,,,,0.0002,0,0,0.1861,0.6466
11040,,,,,,,,,,,0.0003,0,0,0.1433,0.7153
11050,,,,,,,,,,,0.0005,0,0,0.11,0.7701
11060,,,,,,,,,,,0.0006,0,0,0.0826,0.8402
11070,,,,,,,,,,,0.0007,0,0,0.0644,0.8875
11080,,,,,,,,,,,0.0005,0,0.0003,0.0516,0.9282
11090,,,,,,,,,,,0.0005,0,0.0002,0.0405,0.9692
11100,,,,,,,,,,,0.0007,0.0005,0.0005,0.0338,0.9825
11110,,,,,,,,,,,0.0008,0.0003,0.0002,0.0294,0.9947
11120,,,,,,,,,,,0.0005,0.0008,0.0003,0.0249,1
11130,,,,,,,,,,,0.0004,0.0007,0.0009,0.0226,0.9924
11140,,,,,,,,,,,0.0006,0.0002,0.0006,0.0199,0.9887
11150,,,,,,,,,,,0.0006,0.0007,0.0002,0.0173,0.9842
11160,,,,,,,,,,,0.0006,0.0007,0.0003,0.0164,0.9727
11170,,,,,,,,,,,0.0005,0.0006,0.0006,0.0141,0.9656
11180,,,,,,,,,,,0.0006,0.0005,0.0005,0.0135,0.9604
11190,,,,,,,,,,,0.0007,0.0005,0,0.0122,0.9532
11200,,,,,,,,,,,0.0006,0.0004,0,0.0108,0.9542
11210,,,,,,,,,,,0.0002,0.0001,0.0002,0.0104,0.95
11220,,,,,,,,,,,0.0004,0.0004,0.0003,0.0095,0.9528
11230,,,,,,,,,,,0.0004,0.0004,0.0006,0.0088,0.9516
11240,,,,,,,,,,,0.0005,0.0002,0,0.008,0.9583
11250,,,,,,,,,,,0.0005,0.0002,0.0001,0.0069,0.9579
11260,,,,,,,,,,,0.0006,0,0,0.0063,0.9592
11270,,,,,,,,,,,0.0002,0.0006,0.0001,0.0057,0.9615
11280,,,,,,,,,,,0.0005,0.0002,0,0.005,0.9558
11290,,,,,,,,,,,0.0004,0,0,0.0042,0.9589
11300,,,,,,,,,,,0.0003,0,0,0.0037,0.9525
11310,,,,,,,,,,,0.0005,0.0001,0,0.003,0.9431
11320,,,,,,,,,,,0.0003,0,0.0005,0.0024,0.9328
11330,,,,,,,,,,,0.0001,0,0.0001,0.0018,0.9209
11340,,,,,,,,,,,0.0002,0,0.0001,0.002,0.9086
11350,,,,,,,,,,,0.0002,0,0.0002,0.0017,0.8885
11360,,,,,,,,,,,0.0003,0,0.001,0.0016,0.8791
11370,,,,,,,,,,,0.0002,0,0.0001,0.0016,0.8563
11380,,,,,,,,,,,0.0004,0,0.0001,0.0016,0.8463
11390,,,,,,,,,,,0.0004,0,0.0001,0.0018,0.8341
11400,,,,,,,,,,,0.0002,0.0003,0,0.0015,0.8175
11410,,,,,,,,,,,0.0004,0,0.0003,0.0015,0.8126
11420,,,,,,,,,,,0.0003,0,0.0006,0.0018,0.7974
11430,,,,,,,,,,,0.0004,0,0.0001,0.0014,0.7921
11440,,,,,,,,,,,0.0004,0,0.0002,0.0014,0.7812
11450,,,,,,,,,,,0.0007,0,0,0.0016,0.774
11460,,,,,,,,,,,0.0005,0,0,0.0019,0.7617
11470,,,,,,,,,,,0.0005,0,0,0.0016,0.7517
11480,,,,,,,,,,,0.0006,0,0,0.0016,0.7439
11490,,,,,,,,,,,0.0005,0,0.0001,0.0018,0.7339
11500,,,,,,,,,,,0.0005,0,0,0.0016,0.7249
11510,,,,,,,,,,,0.0004,0,0,0.0015,0.7096
11520,,,,,,,,,,,0.0003,0,0,0.0013,0.702
11530,,,,,,,,,,,0.0002,0,0,0.0013,0.6831
11540,,,,,,,,,,,0.0004,0,0,0.0011,0.6649
11550,,,,,,,,,,,0.0003,0,0,0.0014,0.6396
11560,,,,,,,,,,,0.0003,0,0,0.0013,0.6114
11570,,,,,,,,,,,0.0005,0,0,0.0011,0.5861
11580,,,,,,,,,,,0.0002,0.0002,0,0.001,0.5525
11590,,,,,,,,,,,0.0002,0.0001,0,0.0011,0.5218
11600,,,,,,,,,,,0.0002,0.0002,0,0.0013,0.4824
11610,,,,,,,,,,,0.0003,0.0002,0,0.0008,0.4461
11620,,,,,,,,,,,0,0.0002,0,0.0002,0.4064
11630,,,,,,,,,,,0.0002,0.0002,0,0.0003,0.3589
11640,,,,,,,,,,,0.0001,0.0001,0,0.0005,0.3191
11650,,,,,,,,,,,0.0001,0.0002,0,0.0003,0.2704
11660,,,,,,,,,,,0.0002,0.0005,0,0.0004,0.2321
11670,,,,,,,,,,,0.0001,0.0002,0,0,0.1923
11680,,,,,,,,,,,0.0001,0.0005,0,0,0.1542
11690,,,,,,,,,,,0.0001,0.0004,0,0,0.126
11700,,,,,,,,,,,0,0.0006,0,0.0001,0.0961
11710,,,,,,,,,,,0.0001,0.0002,0,0,0.0766
11720,,,,,,,,,,,0.0001,0.0003,0,0,0.0561
11730,,,,,,,,,,,0.0002,0.0002,0,0.0001,0.044
11740,,,,,,,,,,,0.0002,0.0003,0,0.0001,0.0325
11750,,,,,,,,,,,0.0002,0.0004,0,0.0003,0.025
11760,,,,,,,,,,,0.0001,0.0004,0,0.0002,0.0193
11770,,,,,,,,,,,0.0002,0.0005,0,0.0001,0.0148
11780,,,,,,,,,,,0.0002,0.0003,0,0.0002,0.0125
11790,,,,,,,,,,,0.0003,0.0004,0,0.0002,0.0097
11800,,,,,,,,,,,0.0004,0.0001,0,0.0003,0.0083
11810,,,,,,,,,,,0.0005,0.0003,0.0001,0.0002,0.0068
11820,,,,,,,,,,,0.0004,0.0002,0.0002,0.0004,0.006
11830,,,,,,,,,,,0.0004,0.0002,0.0002,0.0004,0.005
11840,,,,,,,,,,,0.0005,0.0001,0.0001,0.0003,0.0045
11850,,,,,,,,,,,0.0004,0.0002,0.0002,0.0003,0.0039
11860,,,,,,,,,,,0.0005,0.0003,0.0003,0.0003,0.0035
11870,,,,,,,,,,,0.0005,0.0001,0.0003,0.0001,0.003
11880,,,,,,,,,,,0.0005,0.0001,0.0003,0.0002,0.0027
11890,,,,,,,,,,,0.0004,0.0003,0.0002,0.0001,0.0023
11900,,,,,,,,,,,0.0004,0.0001,0.0002,0,0.0021
11910,,,,,,,,,,,0.0005,0,0.0002,0,0.0018
11920,,,,,,,,,,,0.0004,0,0.0003,0,0.0018
11930,,,,,,,,,,,0.0005,0.0001,0.0002,0,0.0014
11940,,,,,,,,,,,0.0004,0.0001,0.0002,0,0.0012
11950,,,,,,,,,,,0.0004,0,0.0001,0,0.0012
11960,,,,,,,,,,,0.0004,0,0.0001,0,0.001
11970,,,,,,,,,,,0.0003,0.0001,0.0002,0,0.0008
11980,,,,,,,,,,,0.0003,0,0.0001,0,0.0006
11990,,,,,,,,,,,0.0002,0,0.0001,0,0.0005
12000,,,,,,,,,,,0.0002,0,0.0001,0,0.0004
