wavelength,B1,B2,B3,B4,B5,B6,B7,B8,B9
427,0.00036798,,,,,,,,
428,0.00072189,,,,,,,,
429,0.00205797,,,,,,,,
430,0.00360595,,,,,,,,
431,0.00877048,,,,,,,,
432,0.0222446,,,,,,,,
433,0.07982337,,,,,,,,
434,0.23420422,,,,,,,,
435,0.49647373,,,,,,,,
436,0.76542354,6.41e-05,,,,,,,
437,0.9375785,8.79e-05,,,,,,,
438,0.9763267,0.00012288,,,,,,,
439,0.98641855,0.00017756,,,,,,,
440,0.9947381,0.00026465,,,,,,,
441,0.98839664,0.00040609,,,,,,,
442,0.97089148,0.00064757,,,,,,,
443,0.96740282,0.0010627,,,,,,,
444,0.97595501,0.00180834,,,,,,,
445,0.98273933,0.00423224,,,,,,,
446,0.98891443,0.00733809,,,,,,,
447,1.0,0.0132065,,,,,,,
448,0.98661834,0.02738087,,,,,,,
449,0.87390488,0.06140049,,,,,,,
450,0.64063799,0.12810045,,,,,,,
451,0.33599678,0.28426054,,,,,,,
452,0.13211244,0.52622634,,,,,,,
453,0.04911467,0.75461823,,,,,,,
454,0.01938601,0.85015893,,,,,,,
455,0.00847867,0.87050748,,,,,,,
456,0.00360224,0.87301528,,,,,,,
457,0.00169454,0.87386012,,,,,,,
458,0.00077237,0.87411314,,,,,,,
459,0.00036698,0.87535989,,,,,,,
460,,0.87936622,,,,,,,
461,,0.88182181,,,,,,,
462,,0.88110375,,,,,,,
463,,0.88239449,,,,,,,
464,,0.88807994,,,,,,,
465,,0.89365971,,,,,,,
466,,0.89804703,,,,,,,
467,,0.90057266,,,,,,,
468,,0.89131784,,,,,,,
469,,0.86657351,,,,,,,
470,,0.8358435,,,,,,,
471,,0.81551754,,,,,,,
472,,0.8177281,,,,,,,
473,,0.83361632,,,,,,,
474,,0.85324347,,,,,,,
475,,0.86751264,,,,,,,
476,,0.87968469,,,,,,,
477,,0.8864091,,,,,,,
478,,0.89245307,,,,,,,
479,,0.90207016,,,,,,,
480,,0.91684681,,,,,,,
481,,0.93018711,,,,,,,
482,,0.93724215,,,,,,,
483,,0.94008964,,,,,,,
484,,0.94266725,,,,,,,
485,,0.94259858,,,,,,,
486,,0.94212455,,,,,,,
487,,0.94310826,,,,,,,
488,,0.94514865,,,,,,0.00055981,
489,,0.94699287,,,,,,0.00071401,
490,,0.94705468,,,,,,0.00094114,
491,,0.94369674,,,,,,0.00127548,
492,,0.92798311,,,,,,0.00279056,
493,,0.90826762,,,,,,0.00389131,
494,,0.89631408,,,,,,0.00561835,
495,,0.90117168,,,,,,0.00819427,
496,,0.92790043,,,,,,0.01260893,
497,,0.95433879,,,,,,0.02082734,
498,,0.95914739,,,,,,0.03512893,
499,,0.94807255,,,,,,0.06172826,
500,,0.95188999,,,,,,0.11756328,
501,,0.96618539,,,,,,0.20695142,
502,,0.98983949,,,,,,0.35047555,
503,,1.0,,,,,,0.51840705,
504,,0.98322678,,,,,,0.6468308,
505,,0.95298815,,,,,,0.71721101,
506,,0.92356867,,,,,,0.73891264,
507,,0.91930556,,,,,,0.73804098,
508,,0.94349515,,,,,,0.73227501,
509,,0.95687258,,,,,,0.73230338,
510,,0.92322963,,,,,,0.73795259,
511,,0.79937828,,,,,,0.74557811,
512,,0.41356644,0.00032837,,,,,0.74958354,
513,,0.11275553,0.00040286,,,,,0.75100011,
514,,0.03274055,0.0004889,,,,,0.7456966,
515,,0.01292293,0.00058934,,,,,0.73948652,
516,,0.00580021,0.00071741,,,,,0.73433906,
517,,0.00378357,0.00087833,,,,,0.73298591,
518,,0.00263001,0.00109091,,,,,0.73755181,
519,,0.00204936,0.00138202,,,,,0.74583215,
520,,0.0016022,0.00179561,,,,,0.75320041,
521,,0.00113626,0.0031737,,,,,0.75733781,
522,,0.00072538,0.0043149,,,,,0.75563645,
523,,0.00045327,0.00613501,,,,,0.75066346,
524,,0.00030357,0.00918434,,,,,0.74712878,
525,,0.00022787,0.01332811,,,,,0.74614233,
526,,0.00019309,0.02006346,,,,,0.75046557,
527,,0.00018524,0.03120767,,,,,0.757276,
528,,0.00019598,0.04959156,,,,,0.76255763,
529,,0.00021502,0.0839209,,,,,0.76933599,
530,,0.00022982,0.14227405,,,,,0.76426119,
531,,,0.23764506,,,,,0.76089823,
532,,,0.38256499,,,,,0.75593781,
533,,,0.52805549,,,,,0.74580657,
534,,,0.72555327,,,,,0.73709416,
535,,,0.86100316,,,,,0.75071329,
536,,,0.91004026,,,,,0.74780136,
537,,,0.951415,,,,,0.76249135,
538,,,0.96025926,,,,,0.76414043,
539,,,0.96094787,,,,,0.75922489,
540,,,0.95796889,,,,,0.74998683,
541,,,0.95961404,,,,,0.74630529,
542,,,0.96103942,,,,,0.74671257,
543,,,0.96782357,,,,,0.75543088,
544,,,0.9674781,,,,,0.75887173,
545,,,0.97103971,,,,,0.76089638,
546,,,0.97596765,,,,,0.7569015,
547,,,0.96995008,,,,,0.74005193,
548,,,0.96583647,,,,,0.72667593,
549,,,0.96272808,,,,,0.7193951,
550,,,0.97035348,,,,,0.72856003,
551,,,0.97657537,,,,,0.74397302,
552,,,0.98478532,,,,,0.76320368,
553,,,0.9922418,,,,,0.78191006,
554,,,0.99788576,,,,,0.79408318,
555,,,0.99755067,,,,,0.79531306,
556,,,0.99513662,,,,,0.79247105,
557,,,0.99290431,,,,,0.78975105,
558,,,0.99221069,,,,,0.79136306,
559,,,0.99147564,,,,,0.79676938,
560,,,0.99039567,,,,,0.80500394,
561,,,0.98744887,,,,,0.81197274,
562,,,0.98513204,,,,,0.81878418,
563,,,0.98482645,,,,,0.82147866,
564,,,0.98690718,,,,,0.81793523,
565,,,0.99114877,,,,,0.80917293,
566,,,0.99476624,,,,,0.79949307,
567,,,0.99384189,,,,,0.79439282,
568,,,0.99101716,,,,,0.79288369,
569,,,0.98722148,,,,,0.80010444,
570,,,0.9837451,,,,,0.80942148,
571,,,0.9834832,,,,,0.81826901,
572,,,0.98670214,,,,,0.82481748,
573,,,0.99195403,,,,,0.82645559,
574,,,0.9963057,,,,,0.82283205,
575,,,0.99934655,,,,,0.81772399,
576,,,1.0,,,,,0.81348199,
577,,,0.99947429,,,,,0.81432569,
578,,,0.99812734,,,,,0.81980091,
579,,,0.99595124,,,,,0.82896656,
580,,,0.98932058,,,,,0.83787513,
581,,,0.97415423,,,,,0.84118545,
582,,,0.9492411,,,,,0.83640194,
583,,,0.93502551,,,,,0.82991207,
584,,,0.92853642,,,,,0.82210898,
585,,,0.93185908,,,,,0.81671482,
586,,,0.92724669,,,,,0.81798512,
587,,,0.86449587,,,,,0.82558936,
588,,,0.71098262,,,,,0.8370055,
589,,,0.51626664,,,,,0.84746104,
590,,,0.34508252,,,,,0.85366464,
591,,,0.21616927,,,,,0.8550694,
592,,,0.12075645,,,,,0.85333455,
593,,,0.05834393,,,,,0.85258639,
594,,,0.0269463,,,,,0.85494232,
595,,,0.01243138,,,,,0.86125129,
596,,,0.00607649,,,,,0.87052053,
597,,,0.00376825,,,,,0.87891728,
598,,,0.00202133,,,,,0.8835094,
599,,,0.00115144,,,,,0.88422352,
600,,,0.00069334,,,,,0.8804276,
601,,,0.00044097,,,,,0.87636942,
602,,,0.00029608,,,,,0.87454921,
603,,,0.00021146,,,,,0.87427628,
604,,,0.0001599,,,,,0.87942135,
605,,,0.00012726,,,,,0.88424522,
606,,,0.00010823,,,,,0.88828981,
607,,,9.787e-05,,,,,0.89149511,
608,,,9.54e-05,,,,,0.88984776,
609,,,0.00010035,,,,,0.88692278,
610,,,0.00011262,,,,,0.88409555,
611,,,,,,,,0.8844744,
612,,,,,,,,0.88792205,
613,,,,,,,,0.89509708,
614,,,,,,,,0.90393478,
615,,,,,,,,0.91256452,
616,,,,,,,,0.91933519,
617,,,,,,,,0.92318392,
618,,,,,,,,0.92334908,
619,,,,,,,,0.92322367,
620,,,,,,,,0.92271727,
621,,,,,,,,0.92207175,
622,,,,,,,,0.92361712,
623,,,,,,,,0.92525572,
624,,,,,,,,0.9287647,
625,,,,0.00052217,,,,0.93246269,
626,,,,0.00080255,,,,0.93536609,
627,,,,0.00127569,,,,0.93693691,
628,,,,0.00211028,,,,0.93770206,
629,,,,0.00370259,,,,0.93660849,
630,,,,0.00813655,,,,0.93482065,
631,,,,0.01448322,,,,0.93340796,
632,,,,0.02730471,,,,0.93537968,
633,,,,0.06150362,,,,0.93697798,
634,,,,0.12960456,,,,0.94104928,
635,,,,0.27599216,,,,0.94614661,
636,,,,0.50833505,,,,0.95185488,
637,,,,0.77823377,,,,0.95627266,
638,,,,0.93229699,,,,0.95843077,
639,,,,0.96630949,,,,0.95736688,
640,,,,0.98264039,,,,0.95565981,
641,,,,0.98610568,,,,0.95283598,
642,,,,0.98616272,,,,0.95041174,
643,,,,0.98130625,,,,0.94886798,
644,,,,0.97365528,,,,0.94887251,
645,,,,0.96917254,,,,0.95064622,
646,,,,0.97131443,,,,0.95328224,
647,,,,0.98079836,,,,0.95691651,
648,,,,0.99271876,,,,0.9610467,
649,,,,1.0,,,,0.96566254,
650,,,,0.99686712,,,,0.96974039,
651,,,,0.98542011,,,,0.97312099,
652,,,,0.97099334,,,,0.97521871,
653,,,,0.96106452,,,,0.97489649,
654,,,,0.96065092,,,,0.972332,
655,,,,0.96868747,,,,0.96867853,
656,,,,0.98070163,,,,0.96464068,
657,,,,0.98551208,,,,0.96061975,
658,,,,0.98893887,,,,0.96397477,
659,,,,0.98082989,,,,0.96756929,
660,,,,0.96791947,,,,0.97273779,
661,,,,0.96308017,,,,0.98216408,
662,,,,0.9632839,,,,0.9869532,
663,,,,0.97127014,,,,0.98877376,
664,,,,0.98161477,,,,0.98864222,
665,,,,0.98756588,,,,0.98769355,
666,,,,0.98632258,,,,0.98701572,
667,,,,0.98053038,,,,0.98726958,
668,,,,0.9798553,,,,0.99141115,
669,,,,0.98061383,,,,0.99577439,
670,,,,0.96493137,,,,1.0,
671,,,,0.85955077,,,,0.99740297,
672,,,,0.66807359,,,,0.98136055,
673,,,,0.41698042,,,,0.92713571,
674,,,,0.21568851,,,,0.79344761,
675,,,,0.10535625,,,,0.593741,
676,,,,0.05208358,,,,0.38244858,
677,,,,0.02525648,,,,0.22371659,
678,,,,0.01293051,,,,0.13053322,
679,,,,0.0067002,,,,0.07709492,
680,,,,0.00366779,,,,0.04784917,
681,,,,0.00210889,,,,0.03124457,
682,,,,0.00125278,,,,0.02128481,
683,,,,0.00098495,,,,0.01692485,
684,,,,0.00070233,,,,0.01253418,
685,,,,0.00054765,,,,0.00931615,
686,,,,0.00040268,,,,0.00690109,
687,,,,0.00034113,,,,0.00516988,
688,,,,0.00027893,,,,0.0038052199999999998,
689,,,,0.00026856,,,,0.00285749,
690,,,,0.00016362,,,,0.00203169,
691,,,,0.00013298,,,,0.00146685,
692,,,,,,,,0.00104939,
829,,,,,0.00045004,,,,
830,,,,,0.00047554,,,,
831,,,,,0.0005924,,,,
832,,,,,0.00071486,,,,
833,,,,,0.00083731,,,,
834,,,,,0.00095976,,,,
835,,,,,0.00108221,,,,
836,,,,,0.00124527,,,,
837,,,,,0.00159663,,,,
838,,,,,0.00209522,,,,
839,,,,,0.00282196,,,,
840,,,,,0.00389035,,,,
841,,,,,0.00557772,,,,
842,,,,,0.00840453,,,,
843,,,,,0.0121997,,,,
844,,,,,0.01910023,,,,
845,,,,,0.03112408,,,,
846,,,,,0.0518628,,,,
847,,,,,0.09260266,,,,
848,,,,,0.1572693,,,,
849,,,,,0.27197644,,,,
850,,,,,0.44460031,,,,
851,,,,,0.64932525,,,,
852,,,,,0.83474088,,,,
853,,,,,0.94093359,,,,
854,,,,,0.98152208,,,,
855,,,,,0.99064982,,,,
856,,,,,0.98923784,,,,
857,,,,,0.98816001,,,,
858,,,,,0.98943096,,,,
859,,,,,0.99220061,,,,
860,,,,,0.99498791,,,,
861,,,,,0.99694198,,,,
862,,,,,0.99800861,,,,
863,,,,,0.99821723,,,,
864,,,,,0.99814546,,,,
865,,,,,0.99809587,,,,
866,,,,,0.99818242,,,,
867,,,,,0.99900395,,,,
868,,,,,0.99929279,,,,
869,,,,,0.99940193,,,,
870,,,,,0.99973387,,,,
871,,,,,0.9998185,,,,
872,,,,,1.0,,,,
873,,,,,0.9999913,,,,
874,,,,,0.99643683,,,,
875,,,,,0.97451699,,,,
876,,,,,0.9297142,,,,
877,,,,,0.83448619,,,,
878,,,,,0.68116772,,,,
879,,,,,0.49675167,,,,
880,,,,,0.31920305,,,,
881,,,,,0.19073001,,,,
882,,,,,0.11139899,,,,
883,,,,,0.06462797,,,,
884,,,,,0.03681539,,,,
885,,,,,0.02192838,,,,
886,,,,,0.01321336,,,,
887,,,,,0.00764328,,,,
888,,,,,0.00490463,,,,
889,,,,,0.00311586,,,,
890,,,,,0.00199918,,,,
891,,,,,0.00132245,,,,
892,,,,,0.00088339,,,,
893,,,,,0.00059439,,,,
894,,,,,0.00041175,,,,
895,,,,,0.00032689,,,,
896,,,,,0.00026968,,,,
897,,,,,0.00021248,,,,
898,,,,,0.00015527,,,,
899,,,,,9.807e-05,,,,
900,,,,,7.605e-05,,,,
1340,,,,,,,,,0.00181957
1341,,,,,,,,,0.00191541
1342,,,,,,,,,0.00201124
1343,,,,,,,,,0.00215505
1344,,,,,,,,,0.0027176
1345,,,,,,,,,0.00331767
1346,,,,,,,,,0.00391773
1347,,,,,,,,,0.0045178
1348,,,,,,,,,0.00511786
1349,,,,,,,,,0.00571792
1350,,,,,,,,,0.00631799
1351,,,,,,,,,0.00691805
1352,,,,,,,,,0.00751811
1353,,,,,,,,,0.00811818
1354,,,,,,,,,0.00871824
1355,,,,,,,,,0.00990706
1356,,,,,,,,,0.01616448
1357,,,,,,,,,0.02451379
1358,,,,,,,,,0.03596721
1359,,,,,,,,,0.06802955
1360,,,,,,,,,0.10012802
1361,,,,,,,,,0.16047798
1362,,,,,,,,,0.25167426
1363,,,,,,,,,0.39358041
1364,,,,,,,,,0.55359846
1365,,,,,,,,,0.70396084
1366,,,,,,,,,0.83498162
1367,,,,,,,,,0.90780383
1368,,,,,,,,,0.93747765
1369,,,,,,,,,0.96537817
1370,,,,,,,,,0.97849137
1371,,,,,,,,,0.9852438
1372,,,,,,,,,0.98843849
1373,,,,,,,,,0.98671889
1374,,,,,,,,,0.98667437
1375,,,,,,,,,0.98694527
1376,,,,,,,,,0.99769294
1377,,,,,,,,,0.99982244
1378,,,,,,,,,1.0
1379,,,,,,,,,0.99945843
1380,,,,,,,,,0.99525571
1381,,,,,,,,,0.97109288
1382,,,,,,,,,0.91125011
1383,,,,,,,,,0.77080137
1384,,,,,,,,,0.59587407
1385,,,,,,,,,0.39652625
1386,,,,,,,,,0.24820989
1387,,,,,,,,,0.15064585
1388,,,,,,,,,0.08141971
1389,,,,,,,,,0.04933405
1390,,,,,,,,,0.03113159
1391,,,,,,,,,0.01941472
1392,,,,,,,,,0.01264709
1393,,,,,,,,,0.00828117
1394,,,,,,,,,0.00561062
1395,,,,,,,,,0.00394612
1396,,,,,,,,,0.00277805
1397,,,,,,,,,0.00203723
1398,,,,,,,,,0.0015287
1399,,,,,,,,,0.00111888
1400,,,,,,,,,0.00084564
1401,,,,,,,,,0.00065722
1402,,,,,,,,,0.00052074
1403,,,,,,,,,0.00042036
1404,,,,,,,,,0.00034685
1405,,,,,,,,,0.000278
1406,,,,,,,,,0.00025316
1407,,,,,,,,,0.00023463
1408,,,,,,,,,0.00021611
1409,,,,,,,,,0.00019758
1515,,,,,,0.00102868,,,
1516,,,,,,0.00111525,,,
1517,,,,,,0.00121016,,,
1518,,,,,,0.0013186,,,
1519,,,,,,0.00144451,,,
1520,,,,,,0.00158035,,,
1521,,,,,,0.00173374,,,
1522,,,,,,0.00192254,,,
1523,,,,,,0.00212096,,,
1524,,,,,,0.00232666,,,
1525,,,,,,0.00257729,,,
1526,,,,,,0.00287014,,,
1527,,,,,,0.00318403,,,
1528,,,,,,0.00355008,,,
1529,,,,,,0.00395633,,,
1530,,,,,,0.00441957,,,
1531,,,,,,0.00496607,,,
1532,,,,,,0.00552726,,,
1533,,,,,,0.00624686,,,
1534,,,,,,0.00699085,,,
1535,,,,,,0.00791399,,,
1536,,,,,,0.00878794,,,
1537,,,,,,0.0095772,,,
1538,,,,,,0.01062994,,,
1539,,,,,,0.01208038,,,
1540,,,,,,0.01363731,,,
1541,,,,,,0.01564604,,,
1542,,,,,,0.01773277,,,
1543,,,,,,0.02050976,,,
1544,,,,,,0.02335322,,,
1545,,,,,,0.02701552,,,
1546,,,,,,0.03067782,,,
1547,,,,,,0.03585456,,,
1548,,,,,,0.04147628,,,
1549,,,,,,0.04862727,,,
1550,,,,,,0.05693988,,,
1551,,,,,,0.0665569,,,
1552,,,,,,0.07723074,,,
1553,,,,,,0.08889236,,,
1554,,,,,,0.10460974,,,
1555,,,,,,0.12268095,,,
1556,,,,,,0.1425285,,,
1557,,,,,,0.16716501,,,
1558,,,,,,0.19407988,,,
1559,,,,,,0.22691402,,,
1560,,,,,,0.26105624,,,
1561,,,,,,0.30004618,,,
1562,,,,,,0.33936566,,,
1563,,,,,,0.38840884,,,
1564,,,,,,0.43883842,,,
1565,,,,,,0.49500111,,,
1566,,,,,,0.54953849,,,
1567,,,,,,0.60172623,,,
1568,,,,,,0.65151227,,,
1569,,,,,,0.69925785,,,
1570,,,,,,0.74280465,,,
1571,,,,,,0.78431123,,,
1572,,,,,,0.81647187,,,
1573,,,,,,0.8476572,,,
1574,,,,,,0.86943054,,,
1575,,,,,,0.88958013,,,
1576,,,,,,0.90365207,,,
1577,,,,,,0.91621089,,,
1578,,,,,,0.92594534,,,
1579,,,,,,0.93301046,,,
1580,,,,,,0.93747759,,,
1581,,,,,,0.94050515,,,
1582,,,,,,0.94241244,,,
1583,,,,,,0.94408292,,,
1584,,,,,,0.94547117,,,
1585,,,,,,0.94619197,,,
1586,,,,,,0.94624329,,,
1587,,,,,,0.94625497,,,
1588,,,,,,0.94622612,,,
1589,,,,,,0.94606429,,,
1590,,,,,,0.94574815,,,
1591,,,,,,0.94553393,,,
1592,,,,,,0.94558442,,,
1593,,,,,,0.94582468,,,
1594,,,,,,0.94627059,,,
1595,,,,,,0.94634467,,,
1596,,,,,,0.94768435,,,
1597,,,,,,0.94801325,,,
1598,,,,,,0.9490751,,,
1599,,,,,,0.95058209,,,
1600,,,,,,0.95202774,,,
1601,,,,,,0.9523024,,,
1602,,,,,,0.95366448,,,
1603,,,,,,0.95503706,,,
1604,,,,,,0.95348102,,,
1605,,,,,,0.95565885,,,
1606,,,,,,0.95655489,,,
1607,,,,,,0.9571594,,,
1608,,,,,,0.95751184,,,
1609,,,,,,0.95777732,,,
1610,,,,,,0.95878011,,,
1611,,,,,,0.96029568,,,
1612,,,,,,0.96157014,,,
1613,,,,,,0.96228975,,,
1614,,,,,,0.96300948,,,
1615,,,,,,0.96425939,,,
1616,,,,,,0.96561593,,,
1617,,,,,,0.96700233,,,
1618,,,,,,0.96843988,,,
1619,,,,,,0.9698503,,,
1620,,,,,,0.97095174,,,
1621,,,,,,0.97284758,,,
1622,,,,,,0.97459286,,,
1623,,,,,,0.97610509,,,
1624,,,,,,0.97767121,,,
1625,,,,,,0.97953802,,,
1626,,,,,,0.98140436,,,
1627,,,,,,0.98274249,,,
1628,,,,,,0.98509848,,,
1629,,,,,,0.98681152,,,
1630,,,,,,0.98781842,,,
1631,,,,,,0.99100113,,,
1632,,,,,,0.99333715,,,
1633,,,,,,0.99528229,,,
1634,,,,,,0.99711514,,,
1635,,,,,,0.99855757,,,
1636,,,,,,1.0,,,
1637,,,,,,0.99876851,,,
1638,,,,,,0.99723363,,,
1639,,,,,,0.9924348,,,
1640,,,,,,0.98559129,,,
1641,,,,,,0.97646844,,,
1642,,,,,,0.96127671,,,
1643,,,,,,0.93863082,,,
1644,,,,,,0.90128821,,,
1645,,,,,,0.86149269,,,
1646,,,,,,0.81432277,,,
1647,,,,,,0.76036841,,,
1648,,,,,,0.70382959,,,
1649,,,,,,0.64186883,,,
1650,,,,,,0.5782938,,,
1651,,,,,,0.5112322,,,
1652,,,,,,0.45091432,,,
1653,,,,,,0.39109415,,,
1654,,,,,,0.33723828,,,
1655,,,,,,0.28662252,,,
1656,,,,,,0.24553978,,,
1657,,,,,,0.20748182,,,
1658,,,,,,0.17609432,,,
1659,,,,,,0.14815453,,,
1660,,,,,,0.12629366,,,
1661,,,,,,0.10593576,,,
1662,,,,,,0.08847605,,,
1663,,,,,,0.07402261,,,
1664,,,,,,0.06265628,,,
1665,,,,,,0.05266043,,,
1666,,,,,,0.04443575,,,
1667,,,,,,0.03732267,,,
1668,,,,,,0.03176107,,,
1669,,,,,,0.02672855,,,
1670,,,,,,0.02271426,,,
1671,,,,,,0.01926102,,,
1672,,,,,,0.01647112,,,
1673,,,,,,0.01399191,,,
1674,,,,,,0.01196509,,,
1675,,,,,,0.01046654,,,
1676,,,,,,0.00944234,,,
1677,,,,,,0.00835179,,,
1678,,,,,,0.00720314,,,
1679,,,,,,0.00619173,,,
1680,,,,,,0.00537047,,,
1681,,,,,,0.00465052,,,
1682,,,,,,0.00405339,,,
1683,,,,,,0.0035255,,,
1684,,,,,,0.00308368,,,
1685,,,,,,0.00269277,,,
1686,,,,,,0.00236559,,,
1687,,,,,,0.00207236,,,
1688,,,,,,0.00182825,,,
1689,,,,,,0.00160853,,,
1690,,,,,,0.00142007,,,
1691,,,,,,0.00126631,,,
1692,,,,,,0.00112938,,,
1693,,,,,,0.00100486,,,
1694,,,,,,0.00090314,,,
1695,,,,,,0.00080678,,,
1696,,,,,,0.00073146,,,
1697,,,,,,0.00065905,,,
2037,,,,,,,0.00100276,,
2038,,,,,,,0.00104302,,
2039,,,,,,,0.00109992,,
2040,,,,,,,0.00115845,,
2041,,,,,,,0.00122734,,
2042,,,,,,,0.00129681,,
2043,,,,,,,0.00137709,,
2044,,,,,,,0.00145904,,
2045,,,,,,,0.0015567,,
2046,,,,,,,0.00165654,,
2047,,,,,,,0.00177442,,
2048,,,,,,,0.0018923,,
2049,,,,,,,0.00203646,,
2050,,,,,,,0.00218165,,
2051,,,,,,,0.00234517,,
2052,,,,,,,0.0025214,,
2053,,,,,,,0.00272487,,
2054,,,,,,,0.00293431,,
2055,,,,,,,0.00318399,,
2056,,,,,,,0.00343867,,
2057,,,,,,,0.00373486,,
2058,,,,,,,0.0040396,,
2059,,,,,,,0.00440837,,
2060,,,,,,,0.00477775,,
2061,,,,,,,0.00522084,,
2062,,,,,,,0.00566917,,
2063,,,,,,,0.00622531,,
2064,,,,,,,0.00679017,,
2065,,,,,,,0.00749193,,
2066,,,,,,,0.00819369,,
2067,,,,,,,0.00880615,,
2068,,,,,,,0.00943206,,
2069,,,,,,,0.01050554,,
2070,,,,,,,0.01157901,,
2071,,,,,,,0.01266538,,
2072,,,,,,,0.01378047,,
2073,,,,,,,0.01552035,,
2074,,,,,,,0.01726034,,
2075,,,,,,,0.01900202,,
2076,,,,,,,0.02074371,,
2077,,,,,,,0.02340086,,
2078,,,,,,,0.02618283,,
2079,,,,,,,0.02920399,,
2080,,,,,,,0.0322929,,
2081,,,,,,,0.03595484,,
2082,,,,,,,0.03991824,,
2083,,,,,,,0.04499807,,
2084,,,,,,,0.05056739,,
2085,,,,,,,0.05656623,,
2086,,,,,,,0.06276533,,
2087,,,,,,,0.07099935,,
2088,,,,,,,0.07984023,,
2089,,,,,,,0.09018464,,
2090,,,,,,,0.1011311,,
2091,,,,,,,0.1130442,,
2092,,,,,,,0.12531833,,
2093,,,,,,,0.14104207,,
2094,,,,,,,0.15772916,,
2095,,,,,,,0.17846316,,
2096,,,,,,,0.19946745,,
2097,,,,,,,0.22195263,,
2098,,,,,,,0.24493155,,
2099,,,,,,,0.27459398,,
2100,,,,,,,0.30581087,,
2101,,,,,,,0.33765897,,
2102,,,,,,,0.36978662,,
2103,,,,,,,0.40613315,,
2104,,,,,,,0.4434717,,
2105,,,,,,,0.48442909,,
2106,,,,,,,0.52639425,,
2107,,,,,,,0.55868477,,
2108,,,,,,,0.59015769,,
2109,,,,,,,0.62845188,,
2110,,,,,,,0.67081827,,
2111,,,,,,,0.70369262,,
2112,,,,,,,0.73118645,,
2113,,,,,,,0.7561571,,
2114,,,,,,,0.7799347,,
2115,,,,,,,0.80423528,,
2116,,,,,,,0.82853574,,
2117,,,,,,,0.84607869,,
2118,,,,,,,0.86023945,,
2119,,,,,,,0.86919415,,
2120,,,,,,,0.88100129,,
2121,,,,,,,0.89042884,,
2122,,,,,,,0.89982301,,
2123,,,,,,,0.90695715,,
2124,,,,,,,0.91398126,,
2125,,,,,,,0.91721064,,
2126,,,,,,,0.92048544,,
2127,,,,,,,0.92542076,,
2128,,,,,,,0.92985046,,
2129,,,,,,,0.93153703,,
2130,,,,,,,0.93249965,,
2131,,,,,,,0.93463236,,
2132,,,,,,,0.93673027,,
2133,,,,,,,0.9378534,,
2134,,,,,,,0.93894368,,
2135,,,,,,,0.94098628,,
2136,,,,,,,0.94262463,,
2137,,,,,,,0.94227535,,
2138,,,,,,,0.9423033,,
2139,,,,,,,0.94379717,,
2140,,,,,,,0.94515347,,
2141,,,,,,,0.94504112,,
2142,,,,,,,0.94498247,,
2143,,,,,,,0.94592953,,
2144,,,,,,,0.94692481,,
2145,,,,,,,0.94919229,,
2146,,,,,,,0.95145994,,
2147,,,,,,,0.95272231,,
2148,,,,,,,0.95394844,,
2149,,,,,,,0.95358199,,
2150,,,,,,,0.95307189,,
2151,,,,,,,0.95554107,,
2152,,,,,,,0.95797873,,
2153,,,,,,,0.95833826,,
2154,,,,,,,0.95876426,,
2155,,,,,,,0.95979828,,
2156,,,,,,,0.96079904,,
2157,,,,,,,0.96058774,,
2158,,,,,,,0.96037638,,
2159,,,,,,,0.96064055,,
2160,,,,,,,0.96220273,,
2161,,,,,,,0.96401131,,
2162,,,,,,,0.96372789,,
2163,,,,,,,0.96397525,,
2164,,,,,,,0.96447343,,
2165,,,,,,,0.96521795,,
2166,,,,,,,0.9660756,,
2167,,,,,,,0.96696723,,
2168,,,,,,,0.96789074,,
2169,,,,,,,0.96744436,,
2170,,,,,,,0.96549106,,
2171,,,,,,,0.96621031,,
2172,,,,,,,0.96805149,,
2173,,,,,,,0.96899831,,
2174,,,,,,,0.96919876,,
2175,,,,,,,0.96860504,,
2176,,,,,,,0.96753544,,
2177,,,,,,,0.96692026,,
2178,,,,,,,0.96685123,,
2179,,,,,,,0.96803194,,
2180,,,,,,,0.96974194,,
2181,,,,,,,0.97015101,,
2182,,,,,,,0.97056007,,
2183,,,,,,,0.97212642,,
2184,,,,,,,0.97419846,,
2185,,,,,,,0.97452831,,
2186,,,,,,,0.97485834,,
2187,,,,,,,0.97576022,,
2188,,,,,,,0.9769215,,
2189,,,,,,,0.9771384,,
2190,,,,,,,0.97730094,,
2191,,,,,,,0.97741669,,
2192,,,,,,,0.97746247,,
2193,,,,,,,0.97645605,,
2194,,,,,,,0.97545022,,
2195,,,,,,,0.97717029,,
2196,,,,,,,0.97678941,,
2197,,,,,,,0.97663635,,
2198,,,,,,,0.97651941,,
2199,,,,,,,0.97859836,,
2200,,,,,,,0.98067731,,
2201,,,,,,,0.98093402,,
2202,,,,,,,0.9808982,,
2203,,,,,,,0.98004782,,
2204,,,,,,,0.98011398,,
2205,,,,,,,0.97921491,,
2206,,,,,,,0.97878832,,
2207,,,,,,,0.97845,,
2208,,,,,,,0.97681779,,
2209,,,,,,,0.97705674,,
2210,,,,,,,0.97879267,,
2211,,,,,,,0.97907805,,
2212,,,,,,,0.9780426,,
2213,,,,,,,0.97847897,,
2214,,,,,,,0.97736776,,
2215,,,,,,,0.97698873,,
2216,,,,,,,0.97670597,,
2217,,,,,,,0.97656572,,
2218,,,,,,,0.97742045,,
2219,,,,,,,0.97710729,,
2220,,,,,,,0.97625577,,
2221,,,,,,,0.97609216,,
2222,,,,,,,0.97645754,,
2223,,,,,,,0.97678703,,
2224,,,,,,,0.97713715,,
2225,,,,,,,0.97934949,,
2226,,,,,,,0.97878641,,
2227,,,,,,,0.98002392,,
2228,,,,,,,0.97969437,,
2229,,,,,,,0.97947246,,
2230,,,,,,,0.97958535,,
2231,,,,,,,0.97973728,,
2232,,,,,,,0.98007715,,
2233,,,,,,,0.98041546,,
2234,,,,,,,0.98075229,,
2235,,,,,,,0.98121125,,
2236,,,,,,,0.98180187,,
2237,,,,,,,0.98325735,,
2238,,,,,,,0.98485512,,
2239,,,,,,,0.98458195,,
2240,,,,,,,0.98573095,,
2241,,,,,,,0.98682696,,
2242,,,,,,,0.98753965,,
2243,,,,,,,0.98808074,,
2244,,,,,,,0.98795635,,
2245,,,,,,,0.9888075,,
2246,,,,,,,0.98895812,,
2247,,,,,,,0.98889464,,
2248,,,,,,,0.98786956,,
2249,,,,,,,0.98677874,,
2250,,,,,,,0.98517078,,
2251,,,,,,,0.9837774,,
2252,,,,,,,0.9826206,,
2253,,,,,,,0.98161823,,
2254,,,,,,,0.98062718,,
2255,,,,,,,0.97954774,,
2256,,,,,,,0.97850388,,
2257,,,,,,,0.97752798,,
2258,,,,,,,0.9764725,,
2259,,,,,,,0.97541523,,
2260,,,,,,,0.97554159,,
2261,,,,,,,0.97751099,,
2262,,,,,,,0.98016274,,
2263,,,,,,,0.97513086,,
2264,,,,,,,0.97495383,,
2265,,,,,,,0.9752937,,
2266,,,,,,,0.97618282,,
2267,,,,,,,0.97859925,,
2268,,,,,,,0.97964096,,
2269,,,,,,,0.9807688,,
2270,,,,,,,0.98314285,,
2271,,,,,,,0.98586017,,
2272,,,,,,,0.98965293,,
2273,,,,,,,0.99181819,,
2274,,,,,,,0.99376893,,
2275,,,,,,,0.99618787,,
2276,,,,,,,0.99796325,,
2277,,,,,,,0.99923283,,
2278,,,,,,,1.0,,
2279,,,,,,,0.99792081,,
2280,,,,,,,0.99446166,,
2281,,,,,,,0.98581928,,
2282,,,,,,,0.97574705,,
2283,,,,,,,0.96128398,,
2284,,,,,,,0.94335824,,
2285,,,,,,,0.91998041,,
2286,,,,,,,0.89376736,,
2287,,,,,,,0.85915744,,
2288,,,,,,,0.8235755,,
2289,,,,,,,0.78115994,,
2290,,,,,,,0.73678225,,
2291,,,,,,,0.68822551,,
2292,,,,,,,0.63962251,,
2293,,,,,,,0.58982903,,
2294,,,,,,,0.54092199,,
2295,,,,,,,0.49226084,,
2296,,,,,,,0.44587871,,
2297,,,,,,,0.40125731,,
2298,,,,,,,0.35893539,,
2299,,,,,,,0.32148635,,
2300,,,,,,,0.28420323,,
2301,,,,,,,0.2523469,,
2302,,,,,,,0.2255464,,
2303,,,,,,,0.20149876,,
2304,,,,,,,0.17846169,,
2305,,,,,,,0.1584622,,
2306,,,,,,,0.13879961,,
2307,,,,,,,0.12371186,,
2308,,,,,,,0.11006524,,
2309,,,,,,,0.09831959,,
2310,,,,,,,0.08718951,,
2311,,,,,,,0.07798396,,
2312,,,,,,,0.06932278,,
2313,,,,,,,0.06206976,,
2314,,,,,,,0.05512591,,
2315,,,,,,,0.04944164,,
2316,,,,,,,0.04455749,,
2317,,,,,,,0.040062,,
2318,,,,,,,0.03621278,,
2319,,,,,,,0.03288715,,
2320,,,,,,,0.02948643,,
2321,,,,,,,0.02685629,,
2322,,,,,,,0.02410637,,
2323,,,,,,,0.02195595,,
2324,,,,,,,0.0198522,,
2325,,,,,,,0.0180521,,
2326,,,,,,,0.01628702,,
2327,,,,,,,0.01486861,,
2328,,,,,,,0.01342942,,
2329,,,,,,,0.0123302,,
2330,,,,,,,0.01116003,,
2331,,,,,,,0.01031453,,
2332,,,,,,,0.00964784,,
2333,,,,,,,0.00882719,,
2334,,,,,,,0.00806936,,
2335,,,,,,,0.00738959,,
2336,,,,,,,0.00677839,,
2337,,,,,,,0.00624485,,
2338,,,,,,,0.00571132,,
2339,,,,,,,0.00526846,,
2340,,,,,,,0.00483111,,
2341,,,,,,,0.00446368,,
2342,,,,,,,0.00409824,,
2343,,,,,,,0.00378863,,
2344,,,,,,,0.00348159,,
2345,,,,,,,0.00322292,,
2346,,,,,,,0.00296733,,
2347,,,,,,,0.00275285,,
2348,,,,,,,0.00254073,,
2349,,,,,,,0.00236097,,
2350,,,,,,,0.0021844,,
2351,,,,,,,0.00203332,,
2352,,,,,,,0.00188482,,
2353,,,,,,,0.00175931,,
2354,,,,,,,0.00163477,,
2355,,,,,,,0.00152506,,
