wavelength,B1,B2,B3,B4,B5,B6,B7
410,0.0,0.0,0.0,0.0,0.0,0.0,0.0
411,0.0,0.0,0.0,0.0,0.0,0.0,0.0
412,0.0005,0.0,0.0,0.0,0.0,0.0,0.0
413,0.0006,0.0,0.0,0.0,0.0,0.0,0.0
414,0.0006,0.0,0.0,0.0,0.0,0.0,0.0
415,0.0007,0.0,0.0,0.0,0.0,0.0,0.0
416,0.0007,0.0,0.0,0.0,0.0,0.0,0.0
417,0.0008,0.0,0.0,0.0,0.0,0.0,0.0
418,0.0008,0.0,0.0,0.0,0.0,0.0,0.0
419,0.0009,0.0,0.0,0.0,0.0,0.0,0.0
420,0.0009,0.0,0.0,0.0,0.0,0.0,0.0
421,0.001,0.0,0.0,0.0,0.0,0.0,0.0
422,0.001,0.0,0.0,0.0,0.0,0.0,0.0
423,0.0011,0.0,0.0,0.0,0.0,0.0,0.0
424,0.0012,0.0,0.0,0.0,0.0,0.0,0.0
425,0.0012,0.0,0.0,0.0,0.0,0.0,0.0
426,0.0016,0.0,0.0,0.0,0.0,0.0,0.0
427,0.002,0.0,0.0,0.0,0.0,0.0,0.0
428,0.0024,0.0,0.0,0.0,0.0,0.0,0.0
429,0.0028,0.0,0.0,0.0,0.0,0.0,0.0
430,0.0032,0.0,0.0,0.0,0.0,0.0,0.0
431,0.0051,0.0,0.0,0.0,0.0,0.0,0.0
432,0.0072,0.0,0.0,0.0,0.0,0.0,0.0
433,0.0103,0.0,0.0,0.0,0.0,0.0,0.0
434,0.0134,0.0,0.0,0.0,0.0,0.0,0.0
435,0.0166,0.0,0.0,0.0,0.0,0.0,0.0
436,0.0199,0.0,0.0,0.0,0.0,0.0,0.0
437,0.0252,0.0,0.0,0.0,0.0,0.0,0.0
438,0.031,0.0,0.0,0.0,0.0,0.0,0.0
439,0.0367,0.0,0.0,0.0,0.0,0.0,0.0
440,0.0421,0.0,0.0,0.0,0.0,0.0,0.0
441,0.0476,0.0,0.0,0.0,0.0,0.0,0.0
442,0.0531,0.0,0.0,0.0,0.0,0.0,0.0
443,0.0588,0.0,0.0,0.0,0.0,0.0,0.0
444,0.0645,0.0,0.0,0.0,0.0,0.0,0.0
445,0.0704,0.0,0.0,0.0,0.0,0.0,0.0
446,0.0827,0.0,0.0,0.0,0.0,0.0,0.0
447,0.1213,0.0,0.0,0.0,0.0,0.0,0.0
448,0.1725,0.0,0.0,0.0,0.0,0.0,0.0
449,0.273,0.0,0.0,0.0,0.0,0.0,0.0
450,0.3718,0.0,0.0,0.0,0.0,0.0,0.0
451,0.4425,0.0,0.0,0.0,0.0,0.0,0.0
452,0.5142,0.0,0.0,0.0,0.0,0.0,0.0
453,0.5788,0.0,0.0,0.0,0.0,0.0,0.0
454,0.6268,0.0,0.0,0.0,0.0,0.0,0.0
455,0.7114,0.0,0.0,0.0,0.0,0.0,0.0
456,0.7318,0.0,0.0,0.0,0.0,0.0,0.0
457,0.7415,0.0,0.0,0.0,0.0,0.0,0.0
458,0.751,0.0,0.0,0.0,0.0,0.0,0.0
459,0.755,0.0,0.0,0.0,0.0,0.0,0.0
460,0.7564,0.0,0.0,0.0,0.0,0.0,0.0
461,0.7663,0.0,0.0,0.0,0.0,0.0,0.0
462,0.7763,0.0,0.0,0.0,0.0,0.0,0.0
463,0.7876,0.0,0.0,0.0,0.0,0.0,0.0
464,0.7965,0.0,0.0,0.0,0.0,0.0,0.0
465,0.8076,0.0,0.0,0.0,0.0,0.0,0.0
466,0.8117,0.0,0.0,0.0,0.0,0.0,0.0
467,0.8168,0.0,0.0,0.0,0.0,0.0,0.0
468,0.8219,0.0,0.0,0.0,0.0,0.0,0.0
469,0.8266,0.0,0.0,0.0,0.0,0.0,0.0
470,0.8288,0.0,0.0,0.0,0.0,0.0,0.0
471,0.8309,0.0,0.0,0.0,0.0,0.0,0.0
472,0.8331,0.0,0.0,0.0,0.0,0.0,0.0
473,0.8351,0.0,0.0,0.0,0.0,0.0,0.0
474,0.8383,0.0,0.0,0.0,0.0,0.0,0.0
475,0.8457,0.0,0.0,0.0,0.0,0.0,0.0
476,0.8532,0.0,0.0,0.0,0.0,0.0,0.0
477,0.8607,0.0,0.0,0.0,0.0,0.0,0.0
478,0.8682,0.0,0.0,0.0,0.0,0.0,0.0
479,0.8758,0.0,0.0,0.0,0.0,0.0,0.0
480,0.8835,0.0,0.0,0.0,0.0,0.0,0.0
481,0.886,0.0,0.0,0.0,0.0,0.0,0.0
482,0.8885,0.0,0.0,0.0,0.0,0.0,0.0
483,0.891,0.0,0.0,0.0,0.0,0.0,0.0
484,0.8934,0.0,0.0,0.0,0.0,0.0,0.0
485,0.8959,0.0,0.0,0.0,0.0,0.0,0.0
486,0.8983,0.0,0.0,0.0,0.0,0.0,0.0
487,0.9007,0.0,0.0,0.0,0.0,0.0,0.0
488,0.9031,0.0,0.0,0.0,0.0,0.0,0.0
489,0.9054,0.0,0.0,0.0,0.0,0.0,0.0
490,0.9078,0.0,0.0,0.0,0.0,0.0,0.0
491,0.9179,0.0,0.0,0.0,0.0,0.0,0.0
492,0.9281,0.0,0.0,0.0,0.0,0.0,0.0
493,0.9384,0.0,0.0,0.0,0.0,0.0,0.0
494,0.9476,0.0,0.0,0.0,0.0,0.0,0.0
495,0.9519,0.0,0.0,0.0,0.0,0.0,0.0
496,0.9563,0.0,0.0,0.0,0.0,0.0,0.0
497,0.9607,0.0,0.0,0.0,0.0,0.0,0.0
498,0.9651,0.0,0.0,0.0,0.0,0.0,0.0
499,0.9703,0.0,0.0,0.0,0.0,0.0,0.0
500,0.9789,0.0,0.0,0.0,0.0,0.0,0.0
501,0.9866,0.0006,0.0,0.0,0.0,0.0,0.0
502,0.9943,0.0019,0.0,0.0,0.0,0.0,0.0
503,1.0,0.0032,0.0,0.0,0.0,0.0,0.0
504,0.9986,0.0065,0.0,0.0,0.0,0.0,0.0
505,0.9897,0.0089,0.0,0.0,0.0,0.0,0.0
506,0.9629,0.0114,0.0,0.0,0.0,0.0,0.0
507,0.9358,0.0139,0.0,0.0,0.0,0.0,0.0
508,0.9085,0.0164,0.0,0.0,0.0,0.0,0.0
509,0.8806,0.019,0.0,0.0,0.0,0.0,0.0
510,0.8519,0.0215,0.0,0.0,0.0,0.0,0.0
511,0.8244,0.0241,0.0,0.0,0.0,0.0,0.0
512,0.8101,0.0268,0.0,0.0,0.0,0.0,0.0
513,0.7956,0.0295,0.0,0.0,0.0,0.0,0.0
514,0.7788,0.0322,0.0,0.0,0.0,0.0,0.0
515,0.7559,0.0349,0.0,0.0,0.0,0.0,0.0
516,0.7068,0.0504,0.0,0.0,0.0,0.0,0.0
517,0.5964,0.0662,0.0,0.0,0.0,0.0,0.0
518,0.4966,0.0912,0.0,0.0,0.0,0.0,0.0
519,0.4132,0.1205,0.0,0.0,0.0,0.0,0.0
520,0.3292,0.152,0.0,0.0,0.0,0.0,0.0
521,0.2447,0.1912,0.0,0.0,0.0,0.0,0.0
522,0.1369,0.2309,0.0,0.0,0.0,0.0,0.0
523,0.1054,0.2711,0.0,0.0,0.0,0.0,0.0
524,0.0945,0.3117,0.0,0.0,0.0,0.0,0.0
525,0.0834,0.3529,0.0,0.0,0.0,0.0,0.0
526,0.0723,0.3917,0.0,0.0,0.0,0.0,0.0
527,0.0612,0.4299,0.0,0.0,0.0,0.0,0.0
528,0.0554,0.4685,0.0,0.0,0.0,0.0,0.0
529,0.052,0.5075,0.0,0.0,0.0,0.0,0.0
530,0.0485,0.5372,0.0,0.0,0.0,0.0,0.0
531,0.045,0.5606,0.0,0.0,0.0,0.0,0.0
532,0.0415,0.5772,0.0,0.0,0.0,0.0,0.0
533,0.038,0.5909,0.0,0.0,0.0,0.0,0.0
534,0.0344,0.6046,0.0,0.0,0.0,0.0,0.0
535,0.0309,0.6168,0.0,0.0,0.0,0.0,0.0
536,0.0273,0.6326,0.0,0.0,0.0,0.0,0.0
537,0.0237,0.6467,0.0,0.0,0.0,0.0,0.0
538,0.0215,0.661,0.0,0.0,0.0,0.0,0.0
539,0.0192,0.6754,0.0,0.0,0.0,0.0,0.0
540,0.017,0.6899,0.0,0.0,0.0,0.0,0.0
541,0.0147,0.7003,0.0,0.0,0.0,0.0,0.0
542,0.0125,0.7107,0.0,0.0,0.0,0.0,0.0
543,0.011,0.7213,0.0,0.0,0.0,0.0,0.0
544,0.0098,0.7319,0.0,0.0,0.0,0.0,0.0
545,0.0086,0.7426,0.0,0.0,0.0,0.0,0.0
546,0.0073,0.7533,0.0,0.0,0.0,0.0,0.0
547,0.0061,0.7642,0.0,0.0,0.0,0.0,0.0
548,0.0059,0.7751,0.0,0.0,0.0,0.0,0.0
549,0.0057,0.7861,0.0,0.0,0.0,0.0,0.0
550,0.0055,0.7971,0.0,0.0,0.0,0.0,0.0
551,0.0,0.8031,0.0,0.0,0.0,0.0,0.0
552,0.0,0.8091,0.0,0.0,0.0,0.0,0.0
553,0.0,0.8152,0.0,0.0,0.0,0.0,0.0
554,0.0,0.8206,0.0,0.0,0.0,0.0,0.0
555,0.0,0.8261,0.0,0.0,0.0,0.0,0.0
556,0.0,0.8316,0.0,0.0,0.0,0.0,0.0
557,0.0,0.8371,0.0,0.0,0.0,0.0,0.0
558,0.0,0.8427,0.0,0.0,0.0,0.0,0.0
559,0.0,0.8482,0.0,0.0,0.0,0.0,0.0
560,0.0,0.8538,0.0,0.0,0.0,0.0,0.0
561,0.0,0.8593,0.0,0.0,0.0,0.0,0.0
562,0.0,0.865,0.0,0.0,0.0,0.0,0.0
563,0.0,0.8706,0.0,0.0,0.0,0.0,0.0
564,0.0,0.8731,0.0,0.0,0.0,0.0,0.0
565,0.0,0.8743,0.0,0.0,0.0,0.0,0.0
566,0.0,0.8754,0.0,0.0,0.0,0.0,0.0
567,0.0,0.8766,0.0,0.0,0.0,0.0,0.0
568,0.0,0.8777,0.0,0.0,0.0,0.0,0.0
569,0.0,0.8788,0.0,0.0,0.0,0.0,0.0
570,0.0,0.8799,0.0,0.0,0.0,0.0,0.0
571,0.0,0.8809,0.0,0.0,0.0,0.0,0.0
572,0.0,0.882,0.0,0.0,0.0,0.0,0.0
573,0.0,0.883,0.0,0.0,0.0,0.0,0.0
574,0.0,0.884,0.0,0.0,0.0,0.0,0.0
575,0.0,0.885,0.0,0.0,0.0,0.0,0.0
576,0.0,0.886,0.0,0.0,0.0,0.0,0.0
577,0.0,0.8869,0.0,0.0,0.0,0.0,0.0
578,0.0,0.8914,0.0,0.0,0.0,0.0,0.0
579,0.0,0.8958,0.0,0.0,0.0,0.0,0.0
580,0.0,0.9002,0.0021,0.0,0.0,0.0,0.0
581,0.0,0.9047,0.0,0.0,0.0,0.0,0.0
582,0.0,0.9092,0.0,0.0,0.0,0.0,0.0
583,0.0,0.9136,0.0,0.0,0.0,0.0,0.0
584,0.0,0.9323,0.0,0.0,0.0,0.0,0.0
585,0.0,0.9444,0.0,0.0,0.0,0.0,0.0
586,0.0,0.9536,0.0,0.0,0.0,0.0,0.0
587,0.0,0.963,0.0,0.0,0.0,0.0,0.0
588,0.0,0.9715,0.0,0.0,0.0,0.0,0.0
589,0.0,0.9768,0.0,0.0,0.0,0.0,0.0
590,0.0,0.982,0.0023,0.0,0.0,0.0,0.0
591,0.0,0.9875,0.0,0.0,0.0,0.0,0.0
592,0.0,0.9941,0.0,0.0,0.0,0.0,0.0
593,0.0,0.9986,0.0,0.0,0.0,0.0,0.0
594,0.0,1.0,0.0,0.0,0.0,0.0,0.0
595,0.0,0.9991,0.0,0.0,0.0,0.0,0.0
596,0.0,0.9984,0.0,0.0,0.0,0.0,0.0
597,0.0,0.9953,0.0,0.0,0.0,0.0,0.0
598,0.0,0.9799,0.0,0.0,0.0,0.0,0.0
599,0.0,0.9644,0.0,0.0,0.0,0.0,0.0
600,0.0,0.9488,0.0089,0.0,0.0,0.0,0.0
601,0.0,0.9265,0.0,0.0,0.0,0.0,0.0
602,0.0,0.8941,0.0,0.0,0.0,0.0,0.0
603,0.0,0.8616,0.0,0.0,0.0,0.0,0.0
604,0.0,0.8288,0.0,0.0,0.0,0.0,0.0
605,0.0,0.7959,0.0231,0.0,0.0,0.0,0.0
606,0.0,0.7466,0.0,0.0,0.0,0.0,0.0
607,0.0,0.6721,0.0,0.0,0.0,0.0,0.0
608,0.0,0.597,0.0,0.0,0.0,0.0,0.0
609,0.0,0.5215,0.0,0.0,0.0,0.0,0.0
610,0.0,0.4674,0.0415,0.0,0.0,0.0,0.0
611,0.0,0.4131,0.0453,0.0,0.0,0.0,0.0
612,0.0,0.3586,0.0616,0.0,0.0,0.0,0.0
613,0.0,0.3038,0.0811,0.0,0.0,0.0,0.0
614,0.0,0.2487,0.1007,0.0,0.0,0.0,0.0
615,0.0,0.2057,0.1204,0.0,0.0,0.0,0.0
616,0.0,0.181,0.1402,0.0,0.0,0.0,0.0
617,0.0,0.1562,0.1602,0.0,0.0,0.0,0.0
618,0.0,0.1313,0.1803,0.0,0.0,0.0,0.0
619,0.0,0.1078,0.2402,0.0,0.0,0.0,0.0
620,0.0,0.0973,0.3271,0.0,0.0,0.0,0.0
621,0.0,0.0868,0.4145,0.0,0.0,0.0,0.0
622,0.0,0.0763,0.4491,0.0,0.0,0.0,0.0
623,0.0,0.0657,0.4706,0.0,0.0,0.0,0.0
624,0.0,0.055,0.4921,0.0,0.0,0.0,0.0
625,0.0,0.0518,0.5138,0.0,0.0,0.0,0.0
626,0.0,0.0486,0.5354,0.0,0.0,0.0,0.0
627,0.0,0.0454,0.5572,0.0,0.0,0.0,0.0
628,0.0,0.0422,0.579,0.0,0.0,0.0,0.0
629,0.0,0.039,0.601,0.0,0.0,0.0,0.0
630,0.0,0.0357,0.6235,0.0,0.0,0.0,0.0
631,0.0,0.0,0.6504,0.0,0.0,0.0,0.0
632,0.0,0.0,0.6866,0.0,0.0,0.0,0.0
633,0.0,0.0,0.7366,0.0,0.0,0.0,0.0
634,0.0,0.0,0.7869,0.0,0.0,0.0,0.0
635,0.0,0.0207,0.8027,0.0,0.0,0.0,0.0
636,0.0,0.0,0.8185,0.0,0.0,0.0,0.0
637,0.0,0.0,0.8345,0.0,0.0,0.0,0.0
638,0.0,0.0,0.8485,0.0,0.0,0.0,0.0
639,0.0,0.0,0.8598,0.0,0.0,0.0,0.0
640,0.0,0.0114,0.8711,0.0,0.0,0.0,0.0
641,0.0,0.0,0.8826,0.0,0.0,0.0,0.0
642,0.0,0.0,0.8941,0.0,0.0,0.0,0.0
643,0.0,0.0,0.9056,0.0,0.0,0.0,0.0
644,0.0,0.0,0.9116,0.0,0.0,0.0,0.0
645,0.0,0.0057,0.917,0.0,0.0,0.0,0.0
646,0.0,0.0,0.9224,0.0,0.0,0.0,0.0
647,0.0,0.0,0.9278,0.0,0.0,0.0,0.0
648,0.0,0.0,0.9332,0.0,0.0,0.0,0.0
649,0.0,0.0,0.9386,0.0,0.0,0.0,0.0
650,0.0,0.0,0.9441,0.0,0.0,0.0,0.0
651,0.0,0.0,0.9433,0.0,0.0,0.0,0.0
652,0.0,0.0,0.9424,0.0,0.0,0.0,0.0
653,0.0,0.0,0.9415,0.0,0.0,0.0,0.0
654,0.0,0.0,0.9406,0.0,0.0,0.0,0.0
655,0.0,0.0,0.9397,0.0,0.0,0.0,0.0
656,0.0,0.0,0.9388,0.0,0.0,0.0,0.0
657,0.0,0.0,0.9379,0.0,0.0,0.0,0.0
658,0.0,0.0,0.937,0.0,0.0,0.0,0.0
659,0.0,0.0,0.936,0.0,0.0,0.0,0.0
660,0.0,0.0,0.9351,0.0,0.0,0.0,0.0
661,0.0,0.0,0.9372,0.0,0.0,0.0,0.0
662,0.0,0.0,0.9394,0.0,0.0,0.0,0.0
663,0.0,0.0,0.9429,0.0,0.0,0.0,0.0
664,0.0,0.0,0.9483,0.0,0.0,0.0,0.0
665,0.0,0.0,0.9537,0.0,0.0,0.0,0.0
666,0.0,0.0,0.9591,0.0,0.0,0.0,0.0
667,0.0,0.0,0.9646,0.0,0.0,0.0,0.0
668,0.0,0.0,0.97,0.0,0.0,0.0,0.0
669,0.0,0.0,0.9755,0.0,0.0,0.0,0.0
670,0.0,0.0,0.9793,0.0,0.0,0.0,0.0
671,0.0,0.0,0.9831,0.0,0.0,0.0,0.0
672,0.0,0.0,0.9869,0.0,0.0,0.0,0.0
673,0.0,0.0,0.9904,0.0,0.0,0.0,0.0
674,0.0,0.0,0.9969,0.0,0.0,0.0,0.0
675,0.0,0.0,0.9964,0.0,0.0,0.0,0.0
676,0.0,0.0,0.9982,0.0,0.0,0.0,0.0
677,0.0,0.0,1.0,0.0,0.0,0.0,0.0
678,0.0,0.0,0.9977,0.0,0.0,0.0,0.0
679,0.0,0.0,0.9957,0.0,0.0,0.0,0.0
680,0.0,0.0,0.9936,0.0,0.0,0.0,0.0
681,0.0,0.0,0.9725,0.0,0.0,0.0,0.0
682,0.0,0.0,0.9734,0.0,0.0,0.0,0.0
683,0.0,0.0,0.9742,0.0,0.0,0.0,0.0
684,0.0,0.0,0.9635,0.0,0.0,0.0,0.0
685,0.0,0.0,0.9451,0.0,0.0,0.0,0.0
686,0.0,0.0,0.9265,0.0,0.0,0.0,0.0
687,0.0,0.0,0.9078,0.0,0.0,0.0,0.0
688,0.0,0.0,0.871,0.0,0.0,0.0,0.0
689,0.0,0.0,0.822,0.0,0.0,0.0,0.0
690,0.0,0.0,0.7727,0.0,0.0,0.0,0.0
691,0.0,0.0,0.6869,0.0,0.0,0.0,0.0
692,0.0,0.0,0.594,0.0,0.0,0.0,0.0
693,0.0,0.0,0.5049,0.0,0.0,0.0,0.0
694,0.0,0.0,0.4333,0.0,0.0,0.0,0.0
695,0.0,0.0,0.3612,0.0,0.0,0.0,0.0
696,0.0,0.0,0.2888,0.0,0.0,0.0,0.0
697,0.0,0.0,0.2235,0.0,0.0,0.0,0.0
698,0.0,0.0,0.1879,0.0,0.0,0.0,0.0
699,0.0,0.0,0.1522,0.0,0.0,0.0,0.0
700,0.0,0.0,0.1162,0.0,0.0,0.0,0.0
701,0.0,0.0,0.1056,0.0,0.0,0.0,0.0
702,0.0,0.0,0.095,0.0,0.0,0.0,0.0
703,0.0,0.0,0.0844,0.0,0.0,0.0,0.0
704,0.0,0.0,0.0737,0.0,0.0,0.0,0.0
705,0.0,0.0,0.0629,0.0,0.0,0.0,0.0
710,0.0,0.0,0.045,0.0,0.0,0.0,0.0
715,0.0,0.0,0.03,0.0,0.0,0.0,0.0
720,0.0,0.0,0.0195,0.0,0.0,0.0,0.0
725,0.0,0.0,0.0121,0.0,0.0,0.0,0.0
730,0.0,0.0,0.0061,0.0024,0.0,0.0,0.0
735,0.0,0.0,0.0,0.0048,0.0,0.0,0.0
740,0.0,0.0,0.0031,0.0072,0.0,0.0,0.0
745,0.0,0.0,0.0,0.0097,0.0,0.0,0.0
750,0.0,0.0,0.0,0.0195,0.0,0.0,0.0
751,0.0,0.0,0.0,0.0224,0.0,0.0,0.0
752,0.0,0.0,0.0,0.0254,0.0,0.0,0.0
753,0.0,0.0,0.0,0.0283,0.0,0.0,0.0
754,0.0,0.0,0.0,0.0313,0.0,0.0,0.0
755,0.0,0.0,0.0,0.0343,0.0,0.0,0.0
756,0.0,0.0,0.0,0.0422,0.0,0.0,0.0
757,0.0,0.0,0.0,0.0503,0.0,0.0,0.0
758,0.0,0.0,0.0,0.0583,0.0,0.0,0.0
759,0.0,0.0,0.0,0.0663,0.0,0.0,0.0
760,0.0,0.0,0.0,0.0744,0.0,0.0,0.0
761,0.0,0.0,0.0,0.0825,0.0,0.0,0.0
762,0.0,0.0,0.0,0.0905,0.0,0.0,0.0
763,0.0,0.0,0.0,0.0987,0.0,0.0,0.0
764,0.0,0.0,0.0,0.1207,0.0,0.0,0.0
765,0.0,0.0,0.0,0.1428,0.0,0.0,0.0
766,0.0,0.0,0.0,0.1649,0.0,0.0,0.0
767,0.0,0.0,0.0,0.1871,0.0,0.0,0.0
768,0.0,0.0,0.0,0.2158,0.0,0.0,0.0
769,0.0,0.0,0.0,0.2511,0.0,0.0,0.0
770,0.0,0.0,0.0,0.2864,0.0,0.0,0.0
771,0.0,0.0,0.0,0.3219,0.0,0.0,0.0
772,0.0,0.0,0.0,0.3573,0.0,0.0,0.0
773,0.0,0.0,0.0,0.3929,0.0,0.0,0.0
774,0.0,0.0,0.0,0.4285,0.0,0.0,0.0
775,0.0,0.0,0.0,0.4642,0.0,0.0,0.0
776,0.0,0.0,0.0,0.5,0.0,0.0,0.0
777,0.0,0.0,0.0,0.5436,0.0,0.0,0.0
778,0.0,0.0,0.0,0.5868,0.0,0.0,0.0
779,0.0,0.0,0.0,0.6301,0.0,0.0,0.0
780,0.0,0.0,0.0,0.6733,0.0,0.0,0.0
781,0.0,0.0,0.0,0.7166,0.0,0.0,0.0
782,0.0,0.0,0.0,0.7599,0.0,0.0,0.0
783,0.0,0.0,0.0,0.795,0.0,0.0,0.0
784,0.0,0.0,0.0,0.8218,0.0,0.0,0.0
785,0.0,0.0,0.0,0.8487,0.0,0.0,0.0
786,0.0,0.0,0.0,0.8756,0.0,0.0,0.0
787,0.0,0.0,0.0,0.9025,0.0,0.0,0.0
788,0.0,0.0,0.0,0.917,0.0,0.0,0.0
789,0.0,0.0,0.0,0.9315,0.0,0.0,0.0
790,0.0,0.0,0.0,0.946,0.0,0.0,0.0
791,0.0,0.0,0.0,0.9564,0.0,0.0,0.0
792,0.0,0.0,0.0,0.9629,0.0,0.0,0.0
793,0.0,0.0,0.0,0.9695,0.0,0.0,0.0
794,0.0,0.0,0.0,0.976,0.0,0.0,0.0
795,0.0,0.0,0.0,0.9826,0.0,0.0,0.0
796,0.0,0.0,0.0,0.9861,0.0,0.0,0.0
797,0.0,0.0,0.0,0.9896,0.0,0.0,0.0
798,0.0,0.0,0.0,0.993,0.0,0.0,0.0
799,0.0,0.0,0.0,0.9965,0.0,0.0,0.0
800,0.0,0.0,0.0,1.0,0.0,0.0,0.0
801,0.0,0.0,0.0,0.9973,0.0,0.0,0.0
802,0.0,0.0,0.0,0.9945,0.0,0.0,0.0
803,0.0,0.0,0.0,0.9918,0.0,0.0,0.0
804,0.0,0.0,0.0,0.9891,0.0,0.0,0.0
805,0.0,0.0,0.0,0.9863,0.0,0.0,0.0
806,0.0,0.0,0.0,0.9833,0.0,0.0,0.0
807,0.0,0.0,0.0,0.9803,0.0,0.0,0.0
808,0.0,0.0,0.0,0.9772,0.0,0.0,0.0
809,0.0,0.0,0.0,0.9742,0.0,0.0,0.0
810,0.0,0.0,0.0,0.9712,0.0,0.0,0.0
811,0.0,0.0,0.0,0.9682,0.0,0.0,0.0
812,0.0,0.0,0.0,0.9651,0.0,0.0,0.0
813,0.0,0.0,0.0,0.9621,0.0,0.0,0.0
814,0.0,0.0,0.0,0.9591,0.0,0.0,0.0
815,0.0,0.0,0.0,0.9561,0.0,0.0,0.0
816,0.0,0.0,0.0,0.953,0.0,0.0,0.0
817,0.0,0.0,0.0,0.95,0.0,0.0,0.0
818,0.0,0.0,0.0,0.9474,0.0,0.0,0.0
819,0.0,0.0,0.0,0.9447,0.0,0.0,0.0
820,0.0,0.0,0.0,0.942,0.0,0.0,0.0
821,0.0,0.0,0.0,0.9391,0.0,0.0,0.0
822,0.0,0.0,0.0,0.9362,0.0,0.0,0.0
823,0.0,0.0,0.0,0.9333,0.0,0.0,0.0
824,0.0,0.0,0.0,0.9304,0.0,0.0,0.0
825,0.0,0.0,0.0,0.9304,0.0,0.0,0.0
826,0.0,0.0,0.0,0.932,0.0,0.0,0.0
827,0.0,0.0,0.0,0.934,0.0,0.0,0.0
828,0.0,0.0,0.0,0.936,0.0,0.0,0.0
829,0.0,0.0,0.0,0.938,0.0,0.0,0.0
830,0.0,0.0,0.0,0.9399,0.0,0.0,0.0
831,0.0,0.0,0.0,0.9419,0.0,0.0,0.0
832,0.0,0.0,0.0,0.9439,0.0,0.0,0.0
833,0.0,0.0,0.0,0.9459,0.0,0.0,0.0
834,0.0,0.0,0.0,0.9479,0.0,0.0,0.0
835,0.0,0.0,0.0,0.9499,0.0,0.0,0.0
836,0.0,0.0,0.0,0.9519,0.0,0.0,0.0
837,0.0,0.0,0.0,0.9539,0.0,0.0,0.0
838,0.0,0.0,0.0,0.9558,0.0,0.0,0.0
839,0.0,0.0,0.0,0.9578,0.0,0.0,0.0
840,0.0,0.0,0.0,0.9598,0.0,0.0,0.0
841,0.0,0.0,0.0,0.9618,0.0,0.0,0.0
842,0.0,0.0,0.0,0.9638,0.0,0.0,0.0
843,0.0,0.0,0.0,0.9658,0.0,0.0,0.0
844,0.0,0.0,0.0,0.9677,0.0,0.0,0.0
845,0.0,0.0,0.0,0.9697,0.0,0.0,0.0
846,0.0,0.0,0.0,0.9717,0.0,0.0,0.0
847,0.0,0.0,0.0,0.9737,0.0,0.0,0.0
848,0.0,0.0,0.0,0.9756,0.0,0.0,0.0
849,0.0,0.0,0.0,0.9776,0.0,0.0,0.0
850,0.0,0.0,0.0,0.9796,0.0,0.0,0.0
851,0.0,0.0,0.0,0.9782,0.0,0.0,0.0
852,0.0,0.0,0.0,0.9768,0.0,0.0,0.0
853,0.0,0.0,0.0,0.9754,0.0,0.0,0.0
854,0.0,0.0,0.0,0.974,0.0,0.0,0.0
855,0.0,0.0,0.0,0.9726,0.0,0.0,0.0
856,0.0,0.0,0.0,0.9711,0.0,0.0,0.0
857,0.0,0.0,0.0,0.9697,0.0,0.0,0.0
858,0.0,0.0,0.0,0.9674,0.0,0.0,0.0
859,0.0,0.0,0.0,0.9651,0.0,0.0,0.0
860,0.0,0.0,0.0,0.9627,0.0,0.0,0.0
861,0.0,0.0,0.0,0.9604,0.0,0.0,0.0
862,0.0,0.0,0.0,0.9591,0.0,0.0,0.0
863,0.0,0.0,0.0,0.9589,0.0,0.0,0.0
864,0.0,0.0,0.0,0.9587,0.0,0.0,0.0
865,0.0,0.0,0.0,0.9599,0.0,0.0,0.0
866,0.0,0.0,0.0,0.961,0.0,0.0,0.0
867,0.0,0.0,0.0,0.9621,0.0,0.0,0.0
868,0.0,0.0,0.0,0.9632,0.0,0.0,0.0
869,0.0,0.0,0.0,0.9643,0.0,0.0,0.0
870,0.0,0.0,0.0,0.9655,0.0,0.0,0.0
871,0.0,0.0,0.0,0.9666,0.0,0.0,0.0
872,0.0,0.0,0.0,0.9677,0.0,0.0,0.0
873,0.0,0.0,0.0,0.9653,0.0,0.0,0.0
874,0.0,0.0,0.0,0.9626,0.0,0.0,0.0
875,0.0,0.0,0.0,0.9599,0.0,0.0,0.0
876,0.0,0.0,0.0,0.9549,0.0,0.0,0.0
877,0.0,0.0,0.0,0.9499,0.0,0.0,0.0
878,0.0,0.0,0.0,0.9449,0.0,0.0,0.0
879,0.0,0.0,0.0,0.94,0.0,0.0,0.0
880,0.0,0.0,0.0,0.935,0.0,0.0,0.0
881,0.0,0.0,0.0,0.929,0.0,0.0,0.0
882,0.0,0.0,0.0,0.9218,0.0,0.0,0.0
883,0.0,0.0,0.0,0.9147,0.0,0.0,0.0
884,0.0,0.0,0.0,0.9077,0.0,0.0,0.0
885,0.0,0.0,0.0,0.9006,0.0,0.0,0.0
886,0.0,0.0,0.0,0.8936,0.0,0.0,0.0
887,0.0,0.0,0.0,0.8866,0.0,0.0,0.0
888,0.0,0.0,0.0,0.8796,0.0,0.0,0.0
889,0.0,0.0,0.0,0.8726,0.0,0.0,0.0
890,0.0,0.0,0.0,0.8657,0.0,0.0,0.0
891,0.0,0.0,0.0,0.8648,0.0,0.0,0.0
892,0.0,0.0,0.0,0.864,0.0,0.0,0.0
893,0.0,0.0,0.0,0.8577,0.0,0.0,0.0
894,0.0,0.0,0.0,0.846,0.0,0.0,0.0
895,0.0,0.0,0.0,0.8344,0.0,0.0,0.0
896,0.0,0.0,0.0,0.8229,0.0,0.0,0.0
897,0.0,0.0,0.0,0.8114,0.0,0.0,0.0
898,0.0,0.0,0.0,0.8,0.0,0.0,0.0
899,0.0,0.0,0.0,0.7889,0.0,0.0,0.0
900,0.0,0.0,0.0,0.7786,0.0,0.0,0.0
901,0.0,0.0,0.0,0.7333,0.0,0.0,0.0
902,0.0,0.0,0.0,0.6882,0.0,0.0,0.0
903,0.0,0.0,0.0,0.6434,0.0,0.0,0.0
904,0.0,0.0,0.0,0.5785,0.0,0.0,0.0
905,0.0,0.0,0.0,0.509,0.0,0.0,0.0
906,0.0,0.0,0.0,0.44,0.0,0.0,0.0
907,0.0,0.0,0.0,0.3714,0.0,0.0,0.0
908,0.0,0.0,0.0,0.3211,0.0,0.0,0.0
909,0.0,0.0,0.0,0.2755,0.0,0.0,0.0
910,0.0,0.0,0.0,0.2303,0.0,0.0,0.0
911,0.0,0.0,0.0,0.1853,0.0,0.0,0.0
912,0.0,0.0,0.0,0.1557,0.0,0.0,0.0
913,0.0,0.0,0.0,0.1301,0.0,0.0,0.0
914,0.0,0.0,0.0,0.1047,0.0,0.0,0.0
915,0.0,0.0,0.0,0.084,0.0,0.0,0.0
920,0.0,0.0,0.0,0.0341,0.0,0.0,0.0
925,0.0,0.0,0.0,0.0167,0.0,0.0,0.0
930,0.0,0.0,0.0,0.0081,0.0,0.0,0.0
935,0.0,0.0,0.0,0.0059,0.0,0.0,0.0
940,0.0,0.0,0.0,0.0038,0.0,0.0,0.0
945,0.0,0.0,0.0,0.0015,0.0,0.0,0.0
1503,0.0,0.0,0.0,0.0,0.0,0.0,0.0
1504,0.0,0.0,0.0,0.0,0.0002,0.0,0.0
1506,0.0,0.0,0.0,0.0,0.0002,0.0,0.0
1508,0.0,0.0,0.0,0.0,0.0004,0.0,0.0
1510,0.0,0.0,0.0,0.0,0.0006,0.0,0.0
1512,0.0,0.0,0.0,0.0,0.0008,0.0,0.0
1514,0.0,0.0,0.0,0.0,0.001,0.0,0.0
1515,0.0,0.0,0.0,0.0,0.0011,0.0,0.0
1517,0.0,0.0,0.0,0.0,0.0012,0.0,0.0
1519,0.0,0.0,0.0,0.0,0.0014,0.0,0.0
1521,0.0,0.0,0.0,0.0,0.0016,0.0,0.0
1523,0.0,0.0,0.0,0.0,0.0022,0.0,0.0
1525,0.0,0.0,0.0,0.0,0.0036,0.0,0.0
1526,0.0,0.0,0.0,0.0,0.0051,0.0,0.0
1528,0.0,0.0,0.0,0.0,0.0059,0.0,0.0
1530,0.0,0.0,0.0,0.0,0.0074,0.0,0.0
1532,0.0,0.0,0.0,0.0,0.009,0.0,0.0
1534,0.0,0.0,0.0,0.0,0.0116,0.0,0.0
1536,0.0,0.0,0.0,0.0,0.0146,0.0,0.0
1538,0.0,0.0,0.0,0.0,0.0176,0.0,0.0
1540,0.0,0.0,0.0,0.0,0.0207,0.0,0.0
1542,0.0,0.0,0.0,0.0,0.0238,0.0,0.0
1543,0.0,0.0,0.0,0.0,0.0327,0.0,0.0
1545,0.0,0.0,0.0,0.0,0.0378,0.0,0.0
1547,0.0,0.0,0.0,0.0,0.0479,0.0,0.0
1549,0.0,0.0,0.0,0.0,0.0667,0.0,0.0
1551,0.0,0.0,0.0,0.0,0.0873,0.0,0.0
1553,0.0,0.0,0.0,0.0,0.1138,0.0,0.0
1555,0.0,0.0,0.0,0.0,0.1513,0.0,0.0
1557,0.0,0.0,0.0,0.0,0.1893,0.0,0.0
1559,0.0,0.0,0.0,0.0,0.2278,0.0,0.0
1561,0.0,0.0,0.0,0.0,0.2669,0.0,0.0
1563,0.0,0.0,0.0,0.0,0.312,0.0,0.0
1565,0.0,0.0,0.0,0.0,0.368,0.0,0.0
1567,0.0,0.0,0.0,0.0,0.4248,0.0,0.0
1569,0.0,0.0,0.0,0.0,0.4826,0.0,0.0
1571,0.0,0.0,0.0,0.0,0.5412,0.0,0.0
1572,0.0,0.0,0.0,0.0,0.598,0.0,0.0
1574,0.0,0.0,0.0,0.0,0.6252,0.0,0.0
1576,0.0,0.0,0.0,0.0,0.6801,0.0,0.0
1578,0.0,0.0,0.0,0.0,0.7319,0.0,0.0
1580,0.0,0.0,0.0,0.0,0.7775,0.0,0.0
1582,0.0,0.0,0.0,0.0,0.8236,0.0,0.0
1584,0.0,0.0,0.0,0.0,0.8578,0.0,0.0
1586,0.0,0.0,0.0,0.0,0.8903,0.0,0.0
1588,0.0,0.0,0.0,0.0,0.9165,0.0,0.0
1590,0.0,0.0,0.0,0.0,0.9302,0.0,0.0
1592,0.0,0.0,0.0,0.0,0.9287,0.0,0.0
1594,0.0,0.0,0.0,0.0,0.9468,0.0,0.0
1596,0.0,0.0,0.0,0.0,0.9429,0.0,0.0
1598,0.0,0.0,0.0,0.0,0.9368,0.0,0.0
1600,0.0,0.0,0.0,0.0,0.9327,0.0,0.0
1602,0.0,0.0,0.0,0.0,0.9325,0.0,0.0
1604,0.0,0.0,0.0,0.0,0.929,0.0,0.0
1606,0.0,0.0,0.0,0.0,0.9284,0.0,0.0
1608,0.0,0.0,0.0,0.0,0.9282,0.0,0.0
1610,0.0,0.0,0.0,0.0,0.928,0.0,0.0
1613,0.0,0.0,0.0,0.0,0.9396,0.0,0.0
1615,0.0,0.0,0.0,0.0,0.9493,0.0,0.0
1617,0.0,0.0,0.0,0.0,0.955,0.0,0.0
1619,0.0,0.0,0.0,0.0,0.9606,0.0,0.0
1621,0.0,0.0,0.0,0.0,0.9662,0.0,0.0
1623,0.0,0.0,0.0,0.0,0.9719,0.0,0.0
1625,0.0,0.0,0.0,0.0,0.9775,0.0,0.0
1627,0.0,0.0,0.0,0.0,0.9831,0.0,0.0
1629,0.0,0.0,0.0,0.0,0.9877,0.0,0.0
1631,0.0,0.0,0.0,0.0,0.9888,0.0,0.0
1633,0.0,0.0,0.0,0.0,0.9871,0.0,0.0
1635,0.0,0.0,0.0,0.0,0.9848,0.0,0.0
1637,0.0,0.0,0.0,0.0,0.9825,0.0,0.0
1639,0.0,0.0,0.0,0.0,0.9802,0.0,0.0
1641,0.0,0.0,0.0,0.0,0.9778,0.0,0.0
1643,0.0,0.0,0.0,0.0,0.9758,0.0,0.0
1645,0.0,0.0,0.0,0.0,0.974,0.0,0.0
1647,0.0,0.0,0.0,0.0,0.9721,0.0,0.0
1649,0.0,0.0,0.0,0.0,0.9703,0.0,0.0
1651,0.0,0.0,0.0,0.0,0.9685,0.0,0.0
1653,0.0,0.0,0.0,0.0,0.9672,0.0,0.0
1656,0.0,0.0,0.0,0.0,0.9679,0.0,0.0
1658,0.0,0.0,0.0,0.0,0.9732,0.0,0.0
1660,0.0,0.0,0.0,0.0,0.9768,0.0,0.0
1662,0.0,0.0,0.0,0.0,0.9803,0.0,0.0
1664,0.0,0.0,0.0,0.0,0.9833,0.0,0.0
1666,0.0,0.0,0.0,0.0,0.9861,0.0,0.0
1668,0.0,0.0,0.0,0.0,0.9875,0.0,0.0
1670,0.0,0.0,0.0,0.0,0.9859,0.0,0.0
1672,0.0,0.0,0.0,0.0,0.9844,0.0,0.0
1674,0.0,0.0,0.0,0.0,0.9834,0.0,0.0
1676,0.0,0.0,0.0,0.0,0.9824,0.0,0.0
1678,0.0,0.0,0.0,0.0,0.9813,0.0,0.0
1680,0.0,0.0,0.0,0.0,0.9803,0.0,0.0
1682,0.0,0.0,0.0,0.0,0.9793,0.0,0.0
1684,0.0,0.0,0.0,0.0,0.9783,0.0,0.0
1687,0.0,0.0,0.0,0.0,0.9772,0.0,0.0
1689,0.0,0.0,0.0,0.0,0.9597,0.0,0.0
1691,0.0,0.0,0.0,0.0,0.9746,0.0,0.0
1693,0.0,0.0,0.0,0.0,0.9751,0.0,0.0
1695,0.0,0.0,0.0,0.0,0.9784,0.0,0.0
1697,0.0,0.0,0.0,0.0,0.9816,0.0,0.0
1699,0.0,0.0,0.0,0.0,0.9849,0.0,0.0
1701,0.0,0.0,0.0,0.0,0.9882,0.0,0.0
1703,0.0,0.0,0.0,0.0,0.9905,0.0,0.0
1705,0.0,0.0,0.0,0.0,0.9918,0.0,0.0
1707,0.0,0.0,0.0,0.0,0.9932,0.0,0.0
1709,0.0,0.0,0.0,0.0,0.9946,0.0,0.0
1711,0.0,0.0,0.0,0.0,0.9961,0.0,0.0
1714,0.0,0.0,0.0,0.0,0.9978,0.0,0.0
1716,0.0,0.0,0.0,0.0,0.9995,0.0,0.0
1718,0.0,0.0,0.0,0.0,0.9991,0.0,0.0
1720,0.0,0.0,0.0,0.0,0.9962,0.0,0.0
1722,0.0,0.0,0.0,0.0,0.9932,0.0,0.0
1724,0.0,0.0,0.0,0.0,0.9896,0.0,0.0
1725,0.0,0.0,0.0,0.0,0.9859,0.0,0.0
1726,0.0,0.0,0.0,0.0,0.974,0.0,0.0
1728,0.0,0.0,0.0,0.0,0.9821,0.0,0.0
1730,0.0,0.0,0.0,0.0,0.9784,0.0,0.0
1732,0.0,0.0,0.0,0.0,0.9746,0.0,0.0
1734,0.0,0.0,0.0,0.0,0.9709,0.0,0.0
1736,0.0,0.0,0.0,0.0,0.9671,0.0,0.0
1738,0.0,0.0,0.0,0.0,0.9634,0.0,0.0
1740,0.0,0.0,0.0,0.0,0.9597,0.0,0.0
1742,0.0,0.0,0.0,0.0,0.9559,0.0,0.0
1744,0.0,0.0,0.0,0.0,0.9541,0.0,0.0
1747,0.0,0.0,0.0,0.0,0.9526,0.0,0.0
1749,0.0,0.0,0.0,0.0,0.9504,0.0,0.0
1751,0.0,0.0,0.0,0.0,0.9489,0.0,0.0
1753,0.0,0.0,0.0,0.0,0.9505,0.0,0.0
1755,0.0,0.0,0.0,0.0,0.9572,0.0,0.0
1757,0.0,0.0,0.0,0.0,0.9638,0.0,0.0
1759,0.0,0.0,0.0,0.0,0.9635,0.0,0.0
1761,0.0,0.0,0.0,0.0,0.9614,0.0,0.0
1763,0.0,0.0,0.0,0.0,0.957,0.0,0.0
1765,0.0,0.0,0.0,0.0,0.9483,0.0,0.0
1767,0.0,0.0,0.0,0.0,0.9397,0.0,0.0
1769,0.0,0.0,0.0,0.0,0.9197,0.0,0.0
1771,0.0,0.0,0.0,0.0,0.8978,0.0,0.0
1773,0.0,0.0,0.0,0.0,0.8679,0.0,0.0
1775,0.0,0.0,0.0,0.0,0.8235,0.0,0.0
1777,0.0,0.0,0.0,0.0,0.779,0.0,0.0
1779,0.0,0.0,0.0,0.0,0.7234,0.0,0.0
1781,0.0,0.0,0.0,0.0,0.6658,0.0,0.0
1783,0.0,0.0,0.0,0.0,0.6072,0.0,0.0
1785,0.0,0.0,0.0,0.0,0.5466,0.0,0.0
1787,0.0,0.0,0.0,0.0,0.486,0.0,0.0
1789,0.0,0.0,0.0,0.0,0.4245,0.0,0.0
1791,0.0,0.0,0.0,0.0,0.3647,0.0,0.0
1793,0.0,0.0,0.0,0.0,0.3134,0.0,0.0
1795,0.0,0.0,0.0,0.0,0.2792,0.0,0.0
1797,0.0,0.0,0.0,0.0,0.245,0.0,0.0
1799,0.0,0.0,0.0,0.0,0.2108,0.0,0.0
1801,0.0,0.0,0.0,0.0,0.1767,0.0,0.0
1803,0.0,0.0,0.0,0.0,0.1488,0.0,0.0
1805,0.0,0.0,0.0,0.0,0.1327,0.0,0.0
1807,0.0,0.0,0.0,0.0,0.1167,0.0,0.0
1809,0.0,0.0,0.0,0.0,0.1007,0.0,0.0
1811,0.0,0.0,0.0,0.0,0.0847,0.0,0.0
1813,0.0,0.0,0.0,0.0,0.0723,0.0,0.0
1815,0.0,0.0,0.0,0.0,0.0661,0.0,0.0
1820,0.0,0.0,0.0,0.0,0.0599,0.0,0.0
1825,0.0,0.0,0.0,0.0,0.0446,0.0,0.0
1830,0.0,0.0,0.0,0.0,0.0333,0.0,0.0
1840,0.0,0.0,0.0,0.0,0.0224,0.0,0.0
1850,0.0,0.0,0.0,0.0,0.0164,0.0,0.0
1860,0.0,0.0,0.0,0.0,0.0109,0.0,0.0
1870,0.0,0.0,0.0,0.0,0.0073,0.0,0.0
1880,0.0,0.0,0.0,0.0,0.0037,0.0,0.0
1888,0.0,0.0,0.0,0.0,0.0,0.0,0.0
1889,0.0,0.0,0.0,0.0,0.0,0.0,0.0
1890,0.0,0.0,0.0,0.0,0.0001,0.0,0.0
2000,0.0,0.0,0.0,0.0,0.0,0.0,0.0094
2001,0.0,0.0,0.0,0.0,0.0,0.0,0.0099
2003,0.0,0.0,0.0,0.0,0.0,0.0,0.0109
2005,0.0,0.0,0.0,0.0,0.0,0.0,0.0118
2007,0.0,0.0,0.0,0.0,0.0,0.0,0.0128
2009,0.0,0.0,0.0,0.0,0.0,0.0,0.0138
2011,0.0,0.0,0.0,0.0,0.0,0.0,0.0148
2013,0.0,0.0,0.0,0.0,0.0,0.0,0.0158
2015,0.0,0.0,0.0,0.0,0.0,0.0,0.0168
2017,0.0,0.0,0.0,0.0,0.0,0.0,0.0178
2018,0.0,0.0,0.0,0.0,0.0,0.0,0.0183
2020,0.0,0.0,0.0,0.0,0.0,0.0,0.0193
2022,0.0,0.0,0.0,0.0,0.0,0.0,0.0225
2024,0.0,0.0,0.0,0.0,0.0,0.0,0.0258
2026,0.0,0.0,0.0,0.0,0.0,0.0,0.029
2028,0.0,0.0,0.0,0.0,0.0,0.0,0.0323
2030,0.0,0.0,0.0,0.0,0.0,0.0,0.0356
2032,0.0,0.0,0.0,0.0,0.0,0.0,0.0389
2034,0.0,0.0,0.0,0.0,0.0,0.0,0.0423
2035,0.0,0.0,0.0,0.0,0.0,0.0,0.0439
2037,0.0,0.0,0.0,0.0,0.0,0.0,0.0473
2039,0.0,0.0,0.0,0.0,0.0,0.0,0.0506
2041,0.0,0.0,0.0,0.0,0.0,0.0,0.054
2043,0.0,0.0,0.0,0.0,0.0,0.0,0.0574
2045,0.0,0.0,0.0,0.0,0.0,0.0,0.0608
2047,0.0,0.0,0.0,0.0,0.0,0.0,0.0642
2049,0.0,0.0,0.0,0.0,0.0,0.0,0.0676
2051,0.0,0.0,0.0,0.0,0.0,0.0,0.0723
2052,0.0,0.0,0.0,0.0,0.0,0.0,0.0753
2054,0.0,0.0,0.0,0.0,0.0,0.0,0.0813
2056,0.0,0.0,0.0,0.0,0.0,0.0,0.0874
2058,0.0,0.0,0.0,0.0,0.0,0.0,0.0934
2060,0.0,0.0,0.0,0.0,0.0,0.0,0.0995
2062,0.0,0.0,0.0,0.0,0.0,0.0,0.1095
2064,0.0,0.0,0.0,0.0,0.0,0.0,0.1196
2066,0.0,0.0,0.0,0.0,0.0,0.0,0.1297
2067,0.0,0.0,0.0,0.0,0.0,0.0,0.1348
2069,0.0,0.0,0.0,0.0,0.0,0.0,0.1449
2071,0.0,0.0,0.0,0.0,0.0,0.0,0.16
2073,0.0,0.0,0.0,0.0,0.0,0.0,0.1802
2075,0.0,0.0,0.0,0.0,0.0,0.0,0.2004
2077,0.0,0.0,0.0,0.0,0.0,0.0,0.2207
2079,0.0,0.0,0.0,0.0,0.0,0.0,0.241
2081,0.0,0.0,0.0,0.0,0.0,0.0,0.2654
2083,0.0,0.0,0.0,0.0,0.0,0.0,0.294
2085,0.0,0.0,0.0,0.0,0.0,0.0,0.3227
2086,0.0,0.0,0.0,0.0,0.0,0.0,0.3371
2088,0.0,0.0,0.0,0.0,0.0,0.0,0.3659
2090,0.0,0.0,0.0,0.0,0.0,0.0,0.3947
2092,0.0,0.0,0.0,0.0,0.0,0.0,0.4237
2094,0.0,0.0,0.0,0.0,0.0,0.0,0.4528
2096,0.0,0.0,0.0,0.0,0.0,0.0,0.4819
2099,0.0,0.0,0.0,0.0,0.0,0.0,0.5257
2100,0.0,0.0,0.0,0.0,0.0,0.0,0.5404
2102,0.0,0.0,0.0,0.0,0.0,0.0,0.571
2104,0.0,0.0,0.0,0.0,0.0,0.0,0.6018
2106,0.0,0.0,0.0,0.0,0.0,0.0,0.6327
2108,0.0,0.0,0.0,0.0,0.0,0.0,0.6637
2110,0.0,0.0,0.0,0.0,0.0,0.0,0.6948
2112,0.0,0.0,0.0,0.0,0.0,0.0,0.7261
2114,0.0,0.0,0.0,0.0,0.0,0.0,0.7576
2116,0.0,0.0,0.0,0.0,0.0,0.0,0.7891
2117,0.0,0.0,0.0,0.0,0.0,0.0,0.805
2119,0.0,0.0,0.0,0.0,0.0,0.0,0.8368
2121,0.0,0.0,0.0,0.0,0.0,0.0,0.8641
2123,0.0,0.0,0.0,0.0,0.0,0.0,0.8869
2125,0.0,0.0,0.0,0.0,0.0,0.0,0.9098
2127,0.0,0.0,0.0,0.0,0.0,0.0,0.9202
2129,0.0,0.0,0.0,0.0,0.0,0.0,0.9307
2131,0.0,0.0,0.0,0.0,0.0,0.0,0.9387
2133,0.0,0.0,0.0,0.0,0.0,0.0,0.9441
2135,0.0,0.0,0.0,0.0,0.0,0.0,0.9496
2136,0.0,0.0,0.0,0.0,0.0,0.0,0.9498
2138,0.0,0.0,0.0,0.0,0.0,0.0,0.9502
2140,0.0,0.0,0.0,0.0,0.0,0.0,0.9506
2142,0.0,0.0,0.0,0.0,0.0,0.0,0.95
2144,0.0,0.0,0.0,0.0,0.0,0.0,0.9494
2146,0.0,0.0,0.0,0.0,0.0,0.0,0.9464
2148,0.0,0.0,0.0,0.0,0.0,0.0,0.9411
2150,0.0,0.0,0.0,0.0,0.0,0.0,0.9357
2151,0.0,0.0,0.0,0.0,0.0,0.0,0.9373
2153,0.0,0.0,0.0,0.0,0.0,0.0,0.9405
2155,0.0,0.0,0.0,0.0,0.0,0.0,0.9437
2157,0.0,0.0,0.0,0.0,0.0,0.0,0.9447
2159,0.0,0.0,0.0,0.0,0.0,0.0,0.9458
2161,0.0,0.0,0.0,0.0,0.0,0.0,0.9466
2163,0.0,0.0,0.0,0.0,0.0,0.0,0.9473
2165,0.0,0.0,0.0,0.0,0.0,0.0,0.948
2166,0.0,0.0,0.0,0.0,0.0,0.0,0.9507
2168,0.0,0.0,0.0,0.0,0.0,0.0,0.9562
2170,0.0,0.0,0.0,0.0,0.0,0.0,0.9617
2172,0.0,0.0,0.0,0.0,0.0,0.0,0.9675
2174,0.0,0.0,0.0,0.0,0.0,0.0,0.9733
2176,0.0,0.0,0.0,0.0,0.0,0.0,0.9792
2178,0.0,0.0,0.0,0.0,0.0,0.0,0.985
2180,0.0,0.0,0.0,0.0,0.0,0.0,0.9909
2182,0.0,0.0,0.0,0.0,0.0,0.0,0.9964
2183,0.0,0.0,0.0,0.0,0.0,0.0,0.9968
2185,0.0,0.0,0.0,0.0,0.0,0.0,0.9975
2187,0.0,0.0,0.0,0.0,0.0,0.0,0.9982
2189,0.0,0.0,0.0,0.0,0.0,0.0,0.9989
2191,0.0,0.0,0.0,0.0,0.0,0.0,0.9996
2193,0.0,0.0,0.0,0.0,0.0,0.0,0.9994
2195,0.0,0.0,0.0,0.0,0.0,0.0,0.9983
2197,0.0,0.0,0.0,0.0,0.0,0.0,0.9972
2199,0.0,0.0,0.0,0.0,0.0,0.0,0.996
2201,0.0,0.0,0.0,0.0,0.0,0.0,0.9952
2203,0.0,0.0,0.0,0.0,0.0,0.0,0.9946
2205,0.0,0.0,0.0,0.0,0.0,0.0,0.994
2207,0.0,0.0,0.0,0.0,0.0,0.0,0.9934
2209,0.0,0.0,0.0,0.0,0.0,0.0,0.9928
2210,0.0,0.0,0.0,0.0,0.0,0.0,0.9925
2212,0.0,0.0,0.0,0.0,0.0,0.0,0.9919
2214,0.0,0.0,0.0,0.0,0.0,0.0,0.9913
2216,0.0,0.0,0.0,0.0,0.0,0.0,0.9907
2218,0.0,0.0,0.0,0.0,0.0,0.0,0.9901
2220,0.0,0.0,0.0,0.0,0.0,0.0,0.9895
2222,0.0,0.0,0.0,0.0,0.0,0.0,0.9886
2223,0.0,0.0,0.0,0.0,0.0,0.0,0.9882
2226,0.0,0.0,0.0,0.0,0.0,0.0,0.9811
2227,0.0,0.0,0.0,0.0,0.0,0.0,0.9749
2229,0.0,0.0,0.0,0.0,0.0,0.0,0.9625
2231,0.0,0.0,0.0,0.0,0.0,0.0,0.9548
2233,0.0,0.0,0.0,0.0,0.0,0.0,0.9519
2235,0.0,0.0,0.0,0.0,0.0,0.0,0.949
2237,0.0,0.0,0.0,0.0,0.0,0.0,0.946
2239,0.0,0.0,0.0,0.0,0.0,0.0,0.9431
2241,0.0,0.0,0.0,0.0,0.0,0.0,0.9397
2242,0.0,0.0,0.0,0.0,0.0,0.0,0.9377
2244,0.0,0.0,0.0,0.0,0.0,0.0,0.9339
2246,0.0,0.0,0.0,0.0,0.0,0.0,0.93
2248,0.0,0.0,0.0,0.0,0.0,0.0,0.9261
2250,0.0,0.0,0.0,0.0,0.0,0.0,0.9223
2252,0.0,0.0,0.0,0.0,0.0,0.0,0.9211
2254,0.0,0.0,0.0,0.0,0.0,0.0,0.9198
2256,0.0,0.0,0.0,0.0,0.0,0.0,0.9186
2258,0.0,0.0,0.0,0.0,0.0,0.0,0.9174
2259,0.0,0.0,0.0,0.0,0.0,0.0,0.9168
2261,0.0,0.0,0.0,0.0,0.0,0.0,0.9153
2263,0.0,0.0,0.0,0.0,0.0,0.0,0.9136
2265,0.0,0.0,0.0,0.0,0.0,0.0,0.9119
2267,0.0,0.0,0.0,0.0,0.0,0.0,0.9102
2269,0.0,0.0,0.0,0.0,0.0,0.0,0.9077
2271,0.0,0.0,0.0,0.0,0.0,0.0,0.9045
2273,0.0,0.0,0.0,0.0,0.0,0.0,0.9012
2274,0.0,0.0,0.0,0.0,0.0,0.0,0.8996
2276,0.0,0.0,0.0,0.0,0.0,0.0,0.8964
2278,0.0,0.0,0.0,0.0,0.0,0.0,0.8932
2280,0.0,0.0,0.0,0.0,0.0,0.0,0.89
2282,0.0,0.0,0.0,0.0,0.0,0.0,0.8764
2284,0.0,0.0,0.0,0.0,0.0,0.0,0.8627
2286,0.0,0.0,0.0,0.0,0.0,0.0,0.8492
2288,0.0,0.0,0.0,0.0,0.0,0.0,0.8357
2290,0.0,0.0,0.0,0.0,0.0,0.0,0.8222
2292,0.0,0.0,0.0,0.0,0.0,0.0,0.8092
2293,0.0,0.0,0.0,0.0,0.0,0.0,0.8027
2295,0.0,0.0,0.0,0.0,0.0,0.0,0.7896
2297,0.0,0.0,0.0,0.0,0.0,0.0,0.7767
2299,0.0,0.0,0.0,0.0,0.0,0.0,0.7637
2301,0.0,0.0,0.0,0.0,0.0,0.0,0.7514
2303,0.0,0.0,0.0,0.0,0.0,0.0,0.7396
2305,0.0,0.0,0.0,0.0,0.0,0.0,0.7278
2307,0.0,0.0,0.0,0.0,0.0,0.0,0.7279
2309,0.0,0.0,0.0,0.0,0.0,0.0,0.7407
2310,0.0,0.0,0.0,0.0,0.0,0.0,0.7471
2312,0.0,0.0,0.0,0.0,0.0,0.0,0.76
2314,0.0,0.0,0.0,0.0,0.0,0.0,0.7721
2316,0.0,0.0,0.0,0.0,0.0,0.0,0.7841
2318,0.0,0.0,0.0,0.0,0.0,0.0,0.7962
2320,0.0,0.0,0.0,0.0,0.0,0.0,0.8083
2322,0.0,0.0,0.0,0.0,0.0,0.0,0.83
2323,0.0,0.0,0.0,0.0,0.0,0.0,0.8408
2325,0.0,0.0,0.0,0.0,0.0,0.0,0.8572
2327,0.0,0.0,0.0,0.0,0.0,0.0,0.8683
2329,0.0,0.0,0.0,0.0,0.0,0.0,0.874
2331,0.0,0.0,0.0,0.0,0.0,0.0,0.8745
2333,0.0,0.0,0.0,0.0,0.0,0.0,0.8678
2335,0.0,0.0,0.0,0.0,0.0,0.0,0.854
2337,0.0,0.0,0.0,0.0,0.0,0.0,0.8188
2339,0.0,0.0,0.0,0.0,0.0,0.0,0.748
2340,0.0,0.0,0.0,0.0,0.0,0.0,0.6947
2342,0.0,0.0,0.0,0.0,0.0,0.0,0.6424
2344,0.0,0.0,0.0,0.0,0.0,0.0,0.5899
2346,0.0,0.0,0.0,0.0,0.0,0.0,0.5372
2348,0.0,0.0,0.0,0.0,0.0,0.0,0.4844
2350,0.0,0.0,0.0,0.0,0.0,0.0,0.4313
2352,0.0,0.0,0.0,0.0,0.0,0.0,0.3864
2354,0.0,0.0,0.0,0.0,0.0,0.0,0.3415
2355,0.0,0.0,0.0,0.0,0.0,0.0,0.3189
2357,0.0,0.0,0.0,0.0,0.0,0.0,0.2738
2359,0.0,0.0,0.0,0.0,0.0,0.0,0.2286
2361,0.0,0.0,0.0,0.0,0.0,0.0,0.193
2363,0.0,0.0,0.0,0.0,0.0,0.0,0.1672
2365,0.0,0.0,0.0,0.0,0.0,0.0,0.1413
2367,0.0,0.0,0.0,0.0,0.0,0.0,0.1153
2369,0.0,0.0,0.0,0.0,0.0,0.0,0.0893
2371,0.0,0.0,0.0,0.0,0.0,0.0,0.072
2373,0.0,0.0,0.0,0.0,0.0,0.0,0.0633
2374,0.0,0.0,0.0,0.0,0.0,0.0,0.059
2376,0.0,0.0,0.0,0.0,0.0,0.0,0.0503
2378,0.0,0.0,0.0,0.0,0.0,0.0,0.0416
2380,0.0,0.0,0.0,0.0,0.0,0.0,0.0329
2382,0.0,0.0,0.0,0.0,0.0,0.0,0.0285
2384,0.0,0.0,0.0,0.0,0.0,0.0,0.0241
2386,0.0,0.0,0.0,0.0,0.0,0.0,0.0197
2390,0.0,0.0,0.0,0.0,0.0,0.0,0.011
2395,0.0,0.0,0.0,0.0,0.0,0.0,0.0082
2400,0.0,0.0,0.0,0.0,0.0,0.0,0.0055
10000,0.0,0.0,0.0,0.0,0.0,0.0094,0.0
10020,0.0,0.0,0.0,0.0,0.0,0.01,0.0
10030,0.0,0.0,0.0,0.0,0.0,0.0103,0.0
10040,0.0,0.0,0.0,0.0,0.0,0.0107,0.0
10050,0.0,0.0,0.0,0.0,0.0,0.011,0.0
10060,0.0,0.0,0.0,0.0,0.0,0.0113,0.0
10070,0.0,0.0,0.0,0.0,0.0,0.0116,0.0
10080,0.0,0.0,0.0,0.0,0.0,0.0119,0.0
10090,0.0,0.0,0.0,0.0,0.0,0.0122,0.0
10100,0.0,0.0,0.0,0.0,0.0,0.0126,0.0
10120,0.0,0.0,0.0,0.0,0.0,0.0159,0.0
10130,0.0,0.0,0.0,0.0,0.0,0.0177,0.0
10140,0.0,0.0,0.0,0.0,0.0,0.0194,0.0
10150,0.0,0.0,0.0,0.0,0.0,0.0212,0.0
10160,0.0,0.0,0.0,0.0,0.0,0.023,0.0
10170,0.0,0.0,0.0,0.0,0.0,0.0249,0.0
10180,0.0,0.0,0.0,0.0,0.0,0.0267,0.0
10190,0.0,0.0,0.0,0.0,0.0,0.0286,0.0
10200,0.0,0.0,0.0,0.0,0.0,0.0305,0.0
10210,0.0,0.0,0.0,0.0,0.0,0.0357,0.0
10220,0.0,0.0,0.0,0.0,0.0,0.0431,0.0
10230,0.0,0.0,0.0,0.0,0.0,0.0506,0.0
10240,0.0,0.0,0.0,0.0,0.0,0.0581,0.0
10250,0.0,0.0,0.0,0.0,0.0,0.0607,0.0
10260,0.0,0.0,0.0,0.0,0.0,0.0733,0.0
10270,0.0,0.0,0.0,0.0,0.0,0.0811,0.0
10280,0.0,0.0,0.0,0.0,0.0,0.0888,0.0
10290,0.0,0.0,0.0,0.0,0.0,0.0967,0.0
10300,0.0,0.0,0.0,0.0,0.0,0.1046,0.0
10310,0.0,0.0,0.0,0.0,0.0,0.1141,0.0
10330,0.0,0.0,0.0,0.0,0.0,0.178,0.0
10340,0.0,0.0,0.0,0.0,0.0,0.2103,0.0
10350,0.0,0.0,0.0,0.0,0.0,0.2428,0.0
10360,0.0,0.0,0.0,0.0,0.0,0.2755,0.0
10370,0.0,0.0,0.0,0.0,0.0,0.3085,0.0
10380,0.0,0.0,0.0,0.0,0.0,0.3417,0.0
10390,0.0,0.0,0.0,0.0,0.0,0.3752,0.0
10400,0.0,0.0,0.0,0.0,0.0,0.4095,0.0
10410,0.0,0.0,0.0,0.0,0.0,0.4438,0.0
10420,0.0,0.0,0.0,0.0,0.0,0.4815,0.0
10430,0.0,0.0,0.0,0.0,0.0,0.5262,0.0
10440,0.0,0.0,0.0,0.0,0.0,0.5713,0.0
10450,0.0,0.0,0.0,0.0,0.0,0.6168,0.0
10460,0.0,0.0,0.0,0.0,0.0,0.6629,0.0
10470,0.0,0.0,0.0,0.0,0.0,0.7093,0.0
10480,0.0,0.0,0.0,0.0,0.0,0.7365,0.0
10490,0.0,0.0,0.0,0.0,0.0,0.7588,0.0
10500,0.0,0.0,0.0,0.0,0.0,0.7812,0.0
10510,0.0,0.0,0.0,0.0,0.0,0.8047,0.0
10520,0.0,0.0,0.0,0.0,0.0,0.8228,0.0
10530,0.0,0.0,0.0,0.0,0.0,0.8307,0.0
10540,0.0,0.0,0.0,0.0,0.0,0.8398,0.0
10590,0.0,0.0,0.0,0.0,0.0,0.8425,0.0
10640,0.0,0.0,0.0,0.0,0.0,0.8516,0.0
10700,0.0,0.0,0.0,0.0,0.0,0.8647,0.0
10750,0.0,0.0,0.0,0.0,0.0,0.8875,0.0
10800,0.0,0.0,0.0,0.0,0.0,0.9202,0.0
10850,0.0,0.0,0.0,0.0,0.0,0.9512,0.0
10900,0.0,0.0,0.0,0.0,0.0,0.9711,0.0
10950,0.0,0.0,0.0,0.0,0.0,0.9876,0.0
11000,0.0,0.0,0.0,0.0,0.0,0.9988,0.0
11050,0.0,0.0,0.0,0.0,0.0,1.0,0.0
11100,0.0,0.0,0.0,0.0,0.0,0.9807,0.0
11150,0.0,0.0,0.0,0.0,0.0,0.9283,0.0
11200,0.0,0.0,0.0,0.0,0.0,0.8728,0.0
11250,0.0,0.0,0.0,0.0,0.0,0.8524,0.0
11290,0.0,0.0,0.0,0.0,0.0,0.841,0.0
11340,0.0,0.0,0.0,0.0,0.0,0.8197,0.0
11390,0.0,0.0,0.0,0.0,0.0,0.7971,0.0
11440,0.0,0.0,0.0,0.0,0.0,0.7875,0.0
11490,0.0,0.0,0.0,0.0,0.0,0.7683,0.0
11540,0.0,0.0,0.0,0.0,0.0,0.7223,0.0
11590,0.0,0.0,0.0,0.0,0.0,0.6799,0.0
11630,0.0,0.0,0.0,0.0,0.0,0.6306,0.0
11680,0.0,0.0,0.0,0.0,0.0,0.5711,0.0
11730,0.0,0.0,0.0,0.0,0.0,0.5124,0.0
11780,0.0,0.0,0.0,0.0,0.0,0.4536,0.0
11820,0.0,0.0,0.0,0.0,0.0,0.4133,0.0
11870,0.0,0.0,0.0,0.0,0.0,0.3659,0.0
11920,0.0,0.0,0.0,0.0,0.0,0.319,0.0
11960,0.0,0.0,0.0,0.0,0.0,0.2876,0.0
12010,0.0,0.0,0.0,0.0,0.0,0.2524,0.0
12020,0.0,0.0,0.0,0.0,0.0,0.2484,0.0
12030,0.0,0.0,0.0,0.0,0.0,0.2444,0.0
12040,0.0,0.0,0.0,0.0,0.0,0.2404,0.0
12050,0.0,0.0,0.0,0.0,0.0,0.2335,0.0
12060,0.0,0.0,0.0,0.0,0.0,0.2326,0.0
12070,0.0,0.0,0.0,0.0,0.0,0.2287,0.0
12080,0.0,0.0,0.0,0.0,0.0,0.2248,0.0
12090,0.0,0.0,0.0,0.0,0.0,0.221,0.0
12100,0.0,0.0,0.0,0.0,0.0,0.2172,0.0
12110,0.0,0.0,0.0,0.0,0.0,0.2126,0.0
12120,0.0,0.0,0.0,0.0,0.0,0.208,0.0
12130,0.0,0.0,0.0,0.0,0.0,0.2026,0.0
12140,0.0,0.0,0.0,0.0,0.0,0.1971,0.0
12150,0.0,0.0,0.0,0.0,0.0,0.1915,0.0
12160,0.0,0.0,0.0,0.0,0.0,0.1859,0.0
12170,0.0,0.0,0.0,0.0,0.0,0.1803,0.0
12180,0.0,0.0,0.0,0.0,0.0,0.1747,0.0
12190,0.0,0.0,0.0,0.0,0.0,0.169,0.0
12200,0.0,0.0,0.0,0.0,0.0,0.1629,0.0
12210,0.0,0.0,0.0,0.0,0.0,0.1591,0.0
12220,0.0,0.0,0.0,0.0,0.0,0.1554,0.0
12230,0.0,0.0,0.0,0.0,0.0,0.1517,0.0
12240,0.0,0.0,0.0,0.0,0.0,0.1479,0.0
12250,0.0,0.0,0.0,0.0,0.0,0.1442,0.0
12260,0.0,0.0,0.0,0.0,0.0,0.1405,0.0
12270,0.0,0.0,0.0,0.0,0.0,0.1368,0.0
12280,0.0,0.0,0.0,0.0,0.0,0.1313,0.0
12290,0.0,0.0,0.0,0.0,0.0,0.1256,0.0
12300,0.0,0.0,0.0,0.0,0.0,0.1201,0.0
12310,0.0,0.0,0.0,0.0,0.0,0.1156,0.0
12320,0.0,0.0,0.0,0.0,0.0,0.1107,0.0
12330,0.0,0.0,0.0,0.0,0.0,0.1059,0.0
12340,0.0,0.0,0.0,0.0,0.0,0.1013,0.0
12350,0.0,0.0,0.0,0.0,0.0,0.096,0.0
12360,0.0,0.0,0.0,0.0,0.0,0.0897,0.0
12370,0.0,0.0,0.0,0.0,0.0,0.0836,0.0
12380,0.0,0.0,0.0,0.0,0.0,0.0778,0.0
12390,0.0,0.0,0.0,0.0,0.0,0.0721,0.0
12400,0.0,0.0,0.0,0.0,0.0,0.0667,0.0
12410,0.0,0.0,0.0,0.0,0.0,0.0617,0.0
12420,0.0,0.0,0.0,0.0,0.0,0.057,0.0
12430,0.0,0.0,0.0,0.0,0.0,0.0522,0.0
12440,0.0,0.0,0.0,0.0,0.0,0.0475,0.0
12450,0.0,0.0,0.0,0.0,0.0,0.043,0.0
12460,0.0,0.0,0.0,0.0,0.0,0.0386,0.0
12470,0.0,0.0,0.0,0.0,0.0,0.0344,0.0
12480,0.0,0.0,0.0,0.0,0.0,0.0304,0.0
12490,0.0,0.0,0.0,0.0,0.0,0.0265,0.0
12500,0.0,0.0,0.0,0.0,0.0,0.0228,0.0
12510,0.0,0.0,0.0,0.0,0.0,0.0206,0.0
12520,0.0,0.0,0.0,0.0,0.0,0.0185,0.0
12530,0.0,0.0,0.0,0.0,0.0,0.0165,0.0
12540,0.0,0.0,0.0,0.0,0.0,0.0145,0.0
12540,0.0,0.0,0.0,0.0,0.0,0.0145,0.0
12550,0.0,0.0,0.0,0.0,0.0,0.0125,0.0
12560,0.0,0.0,0.0,0.0,0.0,0.0105,0.0
12570,0.0,0.0,0.0,0.0,0.0,0.0086,0.0
12580,0.0,0.0,0.0,0.0,0.0,0.0067,0.0
12590,0.0,0.0,0.0,0.0,0.0,0.0052,0.0
12600,0.0,0.0,0.0,0.0,0.0,0.0038,0.0
12610,0.0,0.0,0.0,0.0,0.0,0.0035,0.0
12620,0.0,0.0,0.0,0.0,0.0,0.0033,0.0
12630,0.0,0.0,0.0,0.0,0.0,0.0031,0.0
12640,0.0,0.0,0.0,0.0,0.0,0.0028,0.0
12650,0.0,0.0,0.0,0.0,0.0,0.0026,0.0
12660,0.0,0.0,0.0,0.0,0.0,0.0024,0.0
12670,0.0,0.0,0.0,0.0,0.0,0.0022,0.0
12680,0.0,0.0,0.0,0.0,0.0,0.002,0.0
12690,0.0,0.0,0.0,0.0,0.0,0.0018,0.0
12700,0.0,0.0,0.0,0.0,0.0,0.0016,0.0
12710,0.0,0.0,0.0,0.0,0.0,0.0015,0.0
12720,0.0,0.0,0.0,0.0,0.0,0.0014,0.0
12730,0.0,0.0,0.0,0.0,0.0,0.0013,0.0
12740,0.0,0.0,0.0,0.0,0.0,0.0012,0.0
12750,0.0,0.0,0.0,0.0,0.0,0.0011,0.0
12760,0.0,0.0,0.0,0.0,0.0,0.001,0.0
12770,0.0,0.0,0.0,0.0,0.0,0.0009,0.0
12780,0.0,0.0,0.0,0.0,0.0,0.0008,0.0
12790,0.0,0.0,0.0,0.0,0.0,0.0007,0.0
12800,0.0,0.0,0.0,0.0,0.0,0.0006,0.0
12810,0.0,0.0,0.0,0.0,0.0,0.0006,0.0
12820,0.0,0.0,0.0,0.0,0.0,0.0005,0.0
12830,0.0,0.0,0.0,0.0,0.0,0.0005,0.0
12840,0.0,0.0,0.0,0.0,0.0,0.0005,0.0
12850,0.0,0.0,0.0,0.0,0.0,0.0005,0.0
12860,0.0,0.0,0.0,0.0,0.0,0.0004,0.0
12870,0.0,0.0,0.0,0.0,0.0,0.0004,0.0
12880,0.0,0.0,0.0,0.0,0.0,0.0004,0.0
12890,0.0,0.0,0.0,0.0,0.0,0.0004,0.0
12900,0.0,0.0,0.0,0.0,0.0,0.0003,0.0
